{"graph_0": {"_type": "graph-file", "path": "media/graph/graph_0_summary_a0aba69c.graph.json", "sha256": "a0aba69cae48a1d960352df314071c3e918524d4f869e0f2063704172b273152", "size": 639}, "train_loss": 0.3703520894050598, "_runtime": 234, "_timestamp": 1616580265, "_step": 20039, "valid_loss": 0.4874280095100403, "mean_test_loss": 0.44430936775068297, "mean_valid_loss": 0.44430936775068297, "valid_accuracy": 88.42857142857143, "gradients/graph_2layers.2.bias": {"_type": "histogram", "values": [1.0, 0.0, 0.0, 0.0, 0.0, 0.0, 0.0, 0.0, 0.0, 0.0, 0.0, 1.0, 0.0, 0.0, 0.0, 0.0, 0.0, 1.0, 0.0, 0.0, 0.0, 0.0, 0.0, 0.0, 0.0, 0.0, 0.0, 0.0, 0.0, 0.0, 1.0, 1.0, 0.0, 0.0, 0.0, 0.0, 0.0, 1.0, 0.0, 0.0, 0.0, 1.0, 0.0, 0.0, 0.0, 1.0, 0.0, 0.0, 1.0, 0.0, 0.0, 0.0, 0.0, 0.0, 0.0, 0.0, 0.0, 0.0, 0.0, 0.0, 0.0, 0.0, 0.0, 1.0], "bins": [-0.016849806532263756, -0.01633516140282154, -0.015820514410734177, -0.015305868349969387, -0.014791222289204597, -0.014276577159762383, -0.013761931098997593, -0.013247285038232803, -0.012732638977468014, -0.012217992916703224, -0.011703346855938435, -0.011188700795173645, -0.01067405566573143, -0.010159408673644066, -0.009644763544201851, -0.009130117483437061, -0.008615471422672272, -0.008100825361907482, -0.0075861793011426926, -0.00707153370603919, -0.006556887645274401, -0.006042241584509611, -0.005527595989406109, -0.005012949928641319, -0.00449830386787653, -0.00398365780711174, -0.003469011979177594, -0.0029543661512434483, -0.0024397200904786587, -0.001925074029713869, -0.0014104282017797232, -0.0008957823738455772, -0.0003811381757259369, 0.00013350776862353086, 0.0006481537129729986, 0.0011627996573224664, 0.0016774456016719341, 0.0021920916624367237, 0.0027067374903708696, 0.0032213833183050156, 0.003736029379069805, 0.004250675439834595, 0.004765321500599384, 0.005279967095702887, 0.005794613156467676, 0.006309259217232466, 0.006823904812335968, 0.007338550873100758, 0.007853196933865547, 0.008367842994630337, 0.008882489055395126, 0.009397135116159916, 0.009911781176924706, 0.01042642630636692, 0.01094107236713171, 0.0114557184278965, 0.01197036448866129, 0.012485010549426079, 0.012999656610190868, 0.013514302670955658, 0.014028947800397873, 0.014543594792485237, 0.015058239921927452, 0.015572885982692242, 0.01608753204345703]}, "gradients/graph_2layers.2.weight": {"_type": "histogram", "values": [1.0, 0.0, 3.0, 1.0, 1.0, 1.0, 1.0, 3.0, 2.0, 0.0, 1.0, 3.0, 2.0, 2.0, 4.0, 5.0, 6.0, 5.0, 7.0, 3.0, 8.0, 6.0, 6.0, 9.0, 10.0, 13.0, 15.0, 19.0, 19.0, 29.0, 27.0, 24.0, 44.0, 42.0, 52.0, 77.0, 91.0, 122.0, 152.0, 301.0, 174.0, 102.0, 96.0, 76.0, 89.0, 67.0, 57.0, 44.0, 27.0, 34.0, 19.0, 17.0, 19.0, 13.0, 12.0, 11.0, 6.0, 5.0, 2.0, 5.0, 5.0, 2.0, 0.0, 1.0], "bins": [-0.03234155476093292, -0.03151754289865494, -0.030693531036376953, -0.02986951917409897, -0.029045509174466133, -0.02822149731218815, -0.027397485449910164, -0.02657347358763218, -0.025749463587999344, -0.02492545172572136, -0.024101439863443375, -0.02327742800116539, -0.022453418001532555, -0.02162940613925457, -0.020805394276976585, -0.0199813824146986, -0.019157370552420616, -0.01833335869014263, -0.017509346827864647, -0.01668533682823181, -0.015861324965953827, -0.015037313103675842, -0.014213301241397858, -0.013389289379119873, -0.012565277516841888, -0.011741265654563904, -0.010917254723608494, -0.01009324286133051, -0.0092692319303751, -0.008445220068097115, -0.00762120820581913, -0.006797196809202433, -0.005973184481263161, -0.005149173084646463, -0.004325161688029766, -0.0035011498257517815, -0.002677138429135084, -0.0018531270325183868, -0.0010291151702404022, -0.0002051037736237049, 0.0006189066916704178, 0.001442918204702437, 0.002266929717734456, 0.003090941347181797, 0.003914952743798494, 0.004738964140415192, 0.005562976002693176, 0.006386987399309874, 0.0072109997272491455, 0.00803501158952713, 0.00885902252048254, 0.009683034382760525, 0.010507045313715935, 0.01133105717599392, 0.012155069038271904, 0.012979080900549889, 0.013803091831505299, 0.014627103693783283, 0.015451114624738693, 0.016275126487016678, 0.017099138349294662, 0.017923150211572647, 0.01874716207385063, 0.019571172073483467, 0.02039518393576145]}, "gradients/graph_2layers.0.bias": {"_type": "histogram", "values": [1.0, 0.0, 0.0, 0.0, 1.0, 0.0, 0.0, 0.0, 0.0, 1.0, 0.0, 1.0, 2.0, 0.0, 2.0, 0.0, 1.0, 5.0, 1.0, 1.0, 4.0, 3.0, 4.0, 6.0, 2.0, 5.0, 5.0, 5.0, 8.0, 7.0, 4.0, 10.0, 12.0, 15.0, 7.0, 10.0, 6.0, 11.0, 11.0, 9.0, 1.0, 6.0, 1.0, 1.0, 1.0, 4.0, 8.0, 4.0, 0.0, 1.0, 5.0, 0.0, 2.0, 3.0, 1.0, 0.0, 0.0, 0.0, 0.0, 0.0, 1.0, 0.0, 0.0, 1.0], "bins": [-0.008603439666330814, -0.008355067111551762, -0.008106693625450134, -0.007858321070671082, -0.0076099480502307415, -0.0073615750297904015, -0.007113202009350061, -0.006864828988909721, -0.006616456434130669, -0.006368083413690329, -0.0061197103932499886, -0.005871337838470936, -0.005622964818030596, -0.005374591797590256, -0.005126218777149916, -0.004877845756709576, -0.004629472736269236, -0.004381099715828896, -0.0041327266953885555, -0.003884353907778859, -0.0036359811201691628, -0.0033876080997288227, -0.0031392350792884827, -0.0028908620588481426, -0.0026424890384078026, -0.0023941160179674625, -0.002145743230357766, -0.0018973702099174261, -0.001648997305892408, -0.0014006244018673897, -0.0011522513814270496, -0.0009038784774020314, -0.0006555062718689442, -0.0004071333387400955, -0.00015876040561124682, 8.96125566214323e-05, 0.0003379854606464505, 0.0005863583646714687, 0.0008347313851118088, 0.001083104289136827, 0.0013314769603312016, 0.0015798498643562198, 0.001828222768381238, 0.002076595788821578, 0.0023249685764312744, 0.0025733415968716145, 0.0028217146173119545, 0.0030700876377522945, 0.0033184606581926346, 0.0035668336786329746, 0.003815206466242671, 0.004063579253852367, 0.0043119522742927074, 0.0045603252947330475, 0.0048086983151733875, 0.005057071335613728, 0.00530544389039278, 0.00555381691083312, 0.00580218993127346, 0.006050562486052513, 0.006298935506492853, 0.006547308526933193, 0.006795681547373533, 0.007044054567813873, 0.007292427588254213]}, "gradients/graph_2layers.0.weight": {"_type": "histogram", "values": [1.0, 0.0, 0.0, 1.0, 0.0, 0.0, 2.0, 3.0, 1.0, 2.0, 3.0, 7.0, 6.0, 7.0, 10.0, 19.0, 30.0, 35.0, 48.0, 57.0, 72.0, 121.0, 150.0, 210.0, 247.0, 363.0, 483.0, 637.0, 825.0, 1139.0, 1524.0, 2152.0, 2828.0, 3793.0, 5238.0, 7944.0, 13394.0, 81672.0, 10848.0, 6296.0, 4429.0, 3204.0, 2210.0, 1795.0, 1338.0, 949.0, 770.0, 504.0, 404.0, 306.0, 225.0, 137.0, 111.0, 77.0, 62.0, 40.0, 30.0, 17.0, 9.0, 4.0, 6.0, 2.0, 1.0, 2.0],