{"Episode": 999, "Episode reward": -14.189024229023133, "Average reward": 13.030284566736343, "Actor Loss": 37.19943618774414, "Critic Loss": 28.684980392456055, "_runtime": 3508, "_timestamp": 1620600214, "_step": 999}