{"graph_0": {"_type": "graph-file", "path": "media/graph/graph_0_summary_1565b432.graph.json", "sha256": "1565b432a82d004091efd82b22641d62c7a7dd59123438f6826ca99bfea00447", "size": 639}, "train_loss": 0.00016410331591032445, "_runtime": 98, "_timestamp": 1616668245, "_step": 8349, "valid_loss": 0.12387730926275253, "mean_test_loss": 0.0007010558220714222, "mean_valid_loss": 0.0007010558220714222, "valid_accuracy": 97.54285714285714, "gradients/layers.2.bias": {"_type": "histogram", "values": [1.0, 0.0, 0.0, 0.0, 0.0, 0.0, 0.0, 0.0, 0.0, 0.0, 1.0, 0.0, 0.0, 0.0, 0.0, 0.0, 0.0, 0.0, 0.0, 0.0, 0.0, 0.0, 0.0, 0.0, 0.0, 0.0, 0.0, 0.0, 0.0, 0.0, 1.0, 0.0, 0.0, 0.0, 0.0, 0.0, 0.0, 0.0, 0.0, 2.0, 0.0, 0.0, 1.0, 0.0, 0.0, 0.0, 0.0, 0.0, 0.0, 0.0, 0.0, 0.0, 0.0, 0.0, 2.0, 0.0, 0.0, 0.0, 1.0, 0.0, 0.0, 0.0, 0.0, 1.0], "bins": [-0.0005926716839894652, -0.0005776038160547614, -0.0005625359481200576, -0.0005474681383930147, -0.0005324002704583108, -0.000517332402523607, -0.0005022645927965641, -0.0004871967248618603, -0.00047212885692715645, -0.0004570609889924526, -0.00044199315016157925, -0.0004269253113307059, -0.00041185744339600205, -0.00039678957546129823, -0.00038172173663042486, -0.0003666538977995515, -0.00035158602986484766, -0.00033651816193014383, -0.00032145032309927046, -0.0003063824842683971, -0.00029131461633369327, -0.00027624674839898944, -0.00026117890956811607, -0.0002461110707372427, -0.00023104320280253887, -0.00021597534941975027, -0.00020090749603696167, -0.00018583964265417308, -0.00017077178927138448, -0.00015570393588859588, -0.00014063608250580728, -0.00012556822912301868, -0.00011050040484406054, -9.543255146127194e-05, -8.036469807848334e-05, -6.529684469569474e-05, -5.0228991312906146e-05, -3.516113793011755e-05, -2.009328454732895e-05, -5.0254311645403504e-06, 1.0042422218248248e-05, 2.5110275601036847e-05, 4.0178128983825445e-05, 5.5245982366614044e-05, 7.031383574940264e-05, 8.538168913219124e-05, 0.00010044954251497984, 0.00011551739589776844, 0.00013058524928055704, 0.00014565310266334563, 0.00016072095604613423, 0.00017578880942892283, 0.00019085666281171143, 0.00020592451619450003, 0.00022099236957728863, 0.00023606022296007723, 0.0002511280763428658, 0.0002661959151737392, 0.000281263783108443, 0.00029633165104314685, 0.0003113994898740202, 0.0003264673287048936, 0.0003415351966395974, 0.00035660306457430124, 0.0003716709034051746]}, "gradients/layers.2.weight": {"_type": "histogram", "values": [1.0, 0.0, 2.0, 0.0, 0.0, 2.0, 0.0, 0.0, 1.0, 1.0, 3.0, 3.0, 4.0, 4.0, 4.0, 7.0, 3.0, 5.0, 8.0, 4.0, 10.0, 1.0, 10.0, 8.0, 11.0, 6.0, 16.0, 13.0, 13.0, 17.0, 20.0, 23.0, 24.0, 39.0, 48.0, 50.0, 63.0, 79.0, 625.0, 268.0, 103.0, 82.0, 70.0, 67.0, 52.0, 43.0, 45.0, 39.0, 28.0, 16.0, 11.0, 14.0, 12.0, 7.0, 4.0, 4.0, 2.0, 2.0, 2.0, 0.0, 0.0, 0.0, 0.0, 1.0], "bins": [-0.002631795359775424, -0.002563628600910306, -0.0024954620748758316, -0.0024272953160107136, -0.0023591285571455956, -0.0022909617982804775, -0.0022227950394153595, -0.002154628513380885, -0.002086461754515767, -0.002018294995650649, -0.0019501283532008529, -0.0018819617107510567, -0.0018137949518859386, -0.0017456281930208206, -0.0016774615505710244, -0.0016092949081212282, -0.0015411281492561102, -0.0014729613903909922, -0.001404794747941196, -0.0013366281054913998, -0.0012684613466262817, -0.0012002945877611637, -0.0011321279453113675, -0.0010639613028615713, -0.0009957945439964533, -0.0009276278433389962, -0.0008594611426815391, -0.0007912944420240819, -0.0007231277413666248, -0.0006549610407091677, -0.0005867943400517106, -0.0005186276393942535, -0.0004504610551521182, -0.0003822943544946611, -0.000314127653837204, -0.00024596095317974687, -0.00017779425252228975, -0.00010962755186483264, -4.1460851207375526e-05, 2.6705849450081587e-05, 9.48725501075387e-05, 0.0001630392507649958, 0.00023120595142245293, 0.00029937265207991004, 0.00036753935273736715, 0.00043570605339482427, 0.0005038727540522814, 0.0005720394547097385, 0.0006402061553671956, 0.0007083728560246527, 0.0007765395566821098, 0.000844706257339567, 0.0009128729579970241, 0.0009810396004468203, 0.0010492063593119383, 0.0011173731181770563, 0.0011855397606268525, 0.0012537064030766487, 0.0013218731619417667, 0.0013900399208068848, 0.001458206563256681, 0.0015263732057064772, 0.0015945399645715952, 0.0016627067234367132, 0.0017308733658865094]}, "gradients/layers.0.bias": {"_type": "histogram", "values": [1.0, 0.0, 0.0, 0.0, 1.0, 1.0, 0.0, 0.0, 1.0, 1.0, 1.0, 2.0, 0.0, 0.0, 2.0, 3.0, 0.0, 2.0, 2.0, 3.0, 3.0, 2.0, 3.0, 3.0, 6.0, 5.0, 6.0, 7.0, 7.0, 6.0, 14.0, 8.0, 13.0, 11.0, 8.0, 9.0, 7.0, 5.0, 6.0, 6.0, 7.0, 8.0, 6.0, 3.0, 2.0, 8.0, 1.0, 1.0, 3.0, 2.0, 1.0, 1.0, 0.0, 0.0, 0.0, 1.0, 0.0, 0.0, 0.0, 0.0, 0.0, 0.0, 0.0, 1.0], "bins": [-0.0005339983035810292, -0.0005175998085178435, -0.0005012013716623187, -0.00048480290570296347, -0.00046840443974360824, -0.00045200594468042254, -0.0004356074787210673, -0.0004192090127617121, -0.00040281054680235684, -0.0003864120808430016, -0.00037001361488364637, -0.00035361514892429113, -0.00033721665386110544, -0.00032081821700558066, -0.00030441972194239497, -0.00028802125598303974, -0.0002716227900236845, -0.00025522432406432927, -0.00023882585810497403, -0.00022242737759370357, -0.00020602891163434833, -0.0001896304456749931, -0.00017323196516372263, -0.0001568334992043674, -0.00014043503324501216, -0.00012403656728565693, -0.00010763809405034408, -9.123962081503123e-05, -7.4841154855676e-05, -5.844268889632076e-05, -4.204421566100791e-05, -2.564574242569506e-05, -9.247276466339827e-06, 7.151193130994216e-06, 2.3549662728328258e-05, 3.99481323256623e-05, 5.634660192299634e-05, 7.274506788235158e-05, 8.914354111766443e-05, 0.00010554201435297728, 0.00012194048031233251, 0.00013833894627168775, 0.00015473741223104298, 0.00017113589274231344, 0.00018753435870166868, 0.00020393282466102391, 0.00022033130517229438, 0.0002367297711316496, 0.00025312823709100485, 0.0002695267030503601, 0.0002859251690097153, 0.00030232363496907055, 0.0003187221009284258, 0.0003351205959916115, 0.0003515190619509667, 0.00036791752791032195, 0.0003843159938696772, 0.0004007144598290324, 0.00041711292578838766, 0.0004335113917477429, 0.0004499098868109286, 0.00046630832366645336, 0.00048270681872963905, 0.0004991053137928247, 0.0005155037506483495]}, "gradients/layers.0.weight": {"_type": "histogram", "values": [10.0, 3.0, 5.0, 5.0, 9.0, 14.0, 43.0, 31.0, 65.0, 51.0, 35.0, 49.0, 53.0, 91.0, 80.0, 69.0, 93.0, 96.0, 101.0, 112.0, 110.0, 160.0, 247.0, 403.0, 483.0, 544.0, 705.0, 821.0, 1002.0, 1498.0, 1987.0, 3519.0, 7311.0, 113525.0, 8284.0, 4077.0, 2741.0, 1913.0, 1389.0, 1087.0, 830.0, 657.0, 506.0, 337.0, 274.0, 271.0, 189.0, 197.0, 105.0, 165.0, 103.0, 88.0, 75.0, 54.0, 24.0, 25.0, 11.0, 19.0, 18.0, 12.0, 7.0, 3.0, 6.0, 3.0],