{"Episode": 460, "Episode reward": 1.3289203784262043, "Average reward": -111.58519343713064, "Actor Loss": 58.67130661010742, "Critic Loss": 19.942829132080078, "_runtime": 1119, "_timestamp": 1620587517, "_step": 460}