{"Episode": 999, "Episode reward": -43.76414735338134, "Average reward": -100.71136904636236, "Actor Loss": 53.89257049560547, "Critic Loss": 18.224088668823242, "_runtime": 2848, "_timestamp": 1620586284, "_step": 999}