{"graph_0": {"_type": "graph-file", "path": "media/graph/graph_0_summary_ae81481b.graph.json", "sha256": "ae81481bf19c83fc9cbed9d2b3c782a660d678afd0298db5cc0b10af151f80f9", "size": 639}, "train_loss": 0.14325661957263947, "_runtime": 195, "_timestamp": 1616660311, "_step": 20039, "valid_loss": 0.17067714035511017, "mean_test_loss": 0.20150714536217879, "mean_valid_loss": 0.20150714536217879, "valid_accuracy": 94.04285714285714, "gradients/layers.2.bias": {"_type": "histogram", "values": [1.0, 0.0, 0.0, 0.0, 0.0, 0.0, 0.0, 0.0, 0.0, 0.0, 0.0, 0.0, 0.0, 0.0, 0.0, 0.0, 0.0, 0.0, 0.0, 0.0, 0.0, 0.0, 0.0, 0.0, 1.0, 0.0, 0.0, 1.0, 0.0, 0.0, 1.0, 0.0, 0.0, 0.0, 0.0, 1.0, 0.0, 1.0, 1.0, 0.0, 0.0, 0.0, 0.0, 0.0, 1.0, 0.0, 0.0, 0.0, 0.0, 0.0, 0.0, 0.0, 0.0, 0.0, 0.0, 0.0, 0.0, 1.0, 0.0, 0.0, 0.0, 0.0, 0.0, 1.0], "bins": [-0.018441645428538322, -0.01792891137301922, -0.017416179180145264, -0.01690344512462616, -0.016390712931752205, -0.0158779788762331, -0.015365245752036572, -0.014852512627840042, -0.014339779503643513, -0.013827046379446983, -0.013314313255250454, -0.012801580131053925, -0.01228884607553482, -0.011776113882660866, -0.011263379827141762, -0.010750646702945232, -0.010237913578748703, -0.009725180454552174, -0.009212447330355644, -0.008699714206159115, -0.008186981081962585, -0.007674247492104769, -0.007161513902246952, -0.006648780778050423, -0.006136047653853893, -0.005623314529657364, -0.0051105814054608345, -0.004597847815603018, -0.004085114691406488, -0.003572381567209959, -0.003059648210182786, -0.002546914853155613, -0.002034183591604233, -0.0015214503509923816, -0.0010087171103805304, -0.0004959838697686791, 1.6749370843172073e-05, 0.0005294824950397015, 0.0010422158520668745, 0.0015549492090940475, 0.002067682333290577, 0.0025804154574871063, 0.0030931488145142794, 0.0036058821715414524, 0.004118615295737982, 0.004631348419934511, 0.005144082009792328, 0.005656815133988857, 0.006169548258185387, 0.006682281382381916, 0.0071950145065784454, 0.007707748096436262, 0.008220480754971504, 0.008733214810490608, 0.009245947934687138, 0.009758681058883667, 0.010271414183080196, 0.010784147307276726, 0.011296880431473255, 0.011809613555669785, 0.012322347611188889, 0.012835079804062843, 0.013347813859581947, 0.013860546983778477, 0.014373280107975006]}, "gradients/layers.2.weight": {"_type": "histogram", "values": [1.0, 2.0, 3.0, 3.0, 4.0, 6.0, 3.0, 4.0, 7.0, 7.0, 4.0, 4.0, 3.0, 3.0, 8.0, 9.0, 7.0, 8.0, 8.0, 14.0, 17.0, 12.0, 22.0, 13.0, 19.0, 39.0, 32.0, 63.0, 81.0, 64.0, 79.0, 79.0, 112.0, 114.0, 142.0, 139.0, 126.0, 125.0, 92.0, 93.0, 71.0, 60.0, 49.0, 40.0, 39.0, 28.0, 17.0, 24.0, 12.0, 17.0, 13.0, 9.0, 10.0, 5.0, 7.0, 2.0, 8.0, 2.0, 4.0, 4.0, 4.0, 1.0, 1.0, 2.0], "bins": [-0.03535212576389313, -0.03432997316122055, -0.033307820558547974, -0.0322856679558754, -0.03126351535320282, -0.030241362750530243, -0.029219212010502815, -0.02819705940783024, -0.02717490680515766, -0.026152754202485085, -0.025130601599812508, -0.02410844899713993, -0.023086298257112503, -0.022064145654439926, -0.02104199305176735, -0.020019840449094772, -0.018997687846422195, -0.01797553524374962, -0.01695338264107704, -0.015931230038404465, -0.014909078367054462, -0.013886925764381886, -0.012864774093031883, -0.011842621490359306, -0.01082046888768673, -0.009798316285014153, -0.008776163682341576, -0.007754012010991573, -0.006731859408318996, -0.0057097068056464195, -0.00468755466863513, -0.0036654025316238403, -0.0026432517915964127, -0.0016210994217544794, -0.0005989470519125462, 0.0004232053179293871, 0.0014453576877713203, 0.0024675102904438972, 0.003489662427455187, 0.0045118145644664764, 0.005533967167139053, 0.00655611976981163, 0.00757827190682292, 0.00860042404383421, 0.009622576646506786, 0.010644729249179363, 0.011666880920529366, 0.012689033523201942, 0.01371118612587452, 0.014733338728547096, 0.015755491331219673, 0.01677764393389225, 0.017799794673919678, 0.018821947276592255, 0.01984409987926483, 0.02086625248193741, 0.021888405084609985, 0.022910557687282562, 0.02393271028995514, 0.024954862892627716, 0.025977015495300293, 0.02699916809797287, 0.028021318838000298, 0.029043471440672874, 0.03006562404334545]}, "gradients/layers.0.bias": {"_type": "histogram", "values": [1.0, 0.0, 0.0, 0.0, 1.0, 0.0, 0.0, 0.0, 2.0, 0.0, 0.0, 1.0, 1.0, 1.0, 3.0, 6.0, 0.0, 4.0, 4.0, 4.0, 7.0, 4.0, 2.0, 6.0, 4.0, 7.0, 7.0, 8.0, 5.0, 4.0, 8.0, 3.0, 3.0, 3.0, 6.0, 8.0, 7.0, 9.0, 4.0, 8.0, 3.0, 3.0, 5.0, 6.0, 8.0, 2.0, 4.0, 4.0, 3.0, 4.0, 5.0, 1.0, 0.0, 1.0, 2.0, 2.0, 2.0, 1.0, 2.0, 0.0, 0.0, 0.0, 0.0, 1.0], "bins": [-0.005866445600986481, -0.00568880420178175, -0.005511162802577019, -0.005333521869033575, -0.005155880469828844, -0.004978239070624113, -0.004800598137080669, -0.004622956737875938, -0.004445315338671207, -0.0042676739394664764, -0.0040900325402617455, -0.003912391606718302, -0.003734750207513571, -0.00355710880830884, -0.0033794676419347525, -0.003201826475560665, -0.003024185076355934, -0.002846543677151203, -0.002668902510777116, -0.0024912613444030285, -0.0023136199451982975, -0.0021359785459935665, -0.001958337379619479, -0.00178069609683007, -0.0016030548140406609, -0.0014254135312512517, -0.0012477722484618425, -0.0010701309656724334, -0.0008924896828830242, -0.0007148484000936151, -0.0005372071173042059, -0.00035956583451479673, -0.00018192408606410027, -4.282803274691105e-06, 0.00017335847951471806, 0.0003509997623041272, 0.0005286410450935364, 0.0007062823278829455, 0.0008839236106723547, 0.0010615648934617639, 0.001239206176251173, 0.0014168474590405822, 0.0015944887418299913, 0.0017721300246194005, 0.0019497713074088097, 0.0021274127066135406, 0.002305053872987628, 0.0024826950393617153, 0.0026603364385664463, 0.0028379778377711773, 0.0030156190041452646, 0.003193260170519352, 0.003370901569724083, 0.003548542968928814, 0.0037261841353029013, 0.0039038253016769886, 0.00408146670088172, 0.004259108100086451, 0.004436749033629894, 0.004614390432834625, 0.004792031832039356, 0.004969673231244087, 0.005147314630448818, 0.005324955563992262, 0.005502596963196993]}, "gradients/layers.0.weight": {"_type": "histogram", "values": [2.0, 2.0, 0.0, 2.0, 1.0, 6.0, 4.0, 5.0, 11.0, 11.0, 9.0, 16.0, 24.0, 23.0, 49.0, 92.0, 126.0, 149.0, 240.0, 292.0, 385.0, 542.0, 695.0, 979.0, 1275.0, 1517.0, 2053.0, 2764.0, 3664.0, 5315.0, 6876.0, 11496.0, 82014.0, 9793.0, 6486.0, 4974.0, 3615.0, 2684.0, 1994.0, 1517.0, 1222.0, 902.0, 751.0, 564.0, 384.0, 313.0, 234.0, 192.0, 123.0, 111.0, 90.0, 59.0, 47.0, 35.0, 20.0, 19.0, 12.0, 7.0, 6.0, 2.0, 3.0, 0.0, 0.0, 2.0],