{"graph_0": {"_type": "graph-file", "path": "media/graph/graph_0_summary_8588da9b.graph.json", "sha256": "8588da9b8a6ce6b3c5c84198feebd580e6d679f32449b443d0d2eaafe28e11f7", "size": 639}, "train_loss": 0.0028285966254770756, "_runtime": 329, "_timestamp": 1616664005, "_step": 8349, "valid_loss": 0.07906680554151535, "mean_test_loss": 0.019132251042301637, "mean_valid_loss": 0.019132251042301637, "valid_accuracy": 98.21428571428571, "gradients/layers.2.bias": {"_type": "histogram", "values": [1.0, 0.0, 0.0, 0.0, 0.0, 0.0, 0.0, 0.0, 0.0, 0.0, 0.0, 0.0, 0.0, 0.0, 0.0, 0.0, 0.0, 0.0, 1.0, 0.0, 0.0, 0.0, 1.0, 1.0, 0.0, 0.0, 0.0, 0.0, 0.0, 0.0, 1.0, 0.0, 0.0, 1.0, 0.0, 1.0, 0.0, 0.0, 0.0, 0.0, 1.0, 0.0, 0.0, 0.0, 1.0, 0.0, 0.0, 0.0, 0.0, 0.0, 0.0, 0.0, 0.0, 0.0, 0.0, 0.0, 0.0, 0.0, 0.0, 0.0, 0.0, 0.0, 0.0, 1.0], "bins": [-0.0019814465194940567, -0.0019177953945472836, -0.0018541442696005106, -0.0017904931446537375, -0.0017268420197069645, -0.0016631910111755133, -0.0015995398862287402, -0.0015358887612819672, -0.0014722376363351941, -0.001408586511388421, -0.001344935386441648, -0.001281284261494875, -0.0012176332529634237, -0.0011539820116013288, -0.0010903310030698776, -0.0010266798781231046, -0.0009630287531763315, -0.0008993776282295585, -0.0008357265032827854, -0.0007720754365436733, -0.0007084243115969002, -0.0006447731866501272, -0.000581122119911015, -0.000517470994964242, -0.00045381987001746893, -0.0003901687450706959, -0.0003265176492277533, -0.0002628665533848107, -0.00019921542843803763, -0.00013556430349126458, -7.191320764832199e-05, -8.26211180537939e-06, 5.5389245972037315e-05, 0.00011904035636689514, 0.00018269146676175296, 0.00024634256260469556, 0.0003099936875514686, 0.00037364481249824166, 0.00043729590834118426, 0.0005009470041841269, 0.0005645981291308999, 0.000628249254077673, 0.000691900379024446, 0.0007555514457635581, 0.0008192025707103312, 0.0008828536956571043, 0.0009465047623962164, 0.0010101558873429894, 0.0010738070122897625, 0.0011374581372365355, 0.0012011092621833086, 0.0012647603871300817, 0.0013284115120768547, 0.001392062520608306, 0.001455713645555079, 0.001519364770501852, 0.001583015895448625, 0.0016466670203953981, 0.0017103181453421712, 0.0017739692702889442, 0.0018376202788203955, 0.0019012715201824903, 0.0019649225287139416, 0.0020285737700760365, 0.0020922247786074877]}, "gradients/layers.2.weight": {"_type": "histogram", "values": [1.0, 0.0, 2.0, 1.0, 0.0, 0.0, 1.0, 2.0, 0.0, 1.0, 6.0, 3.0, 3.0, 7.0, 3.0, 10.0, 6.0, 14.0, 11.0, 30.0, 35.0, 48.0, 40.0, 78.0, 93.0, 131.0, 276.0, 540.0, 200.0, 134.0, 65.0, 70.0, 46.0, 40.0, 26.0, 17.0, 7.0, 4.0, 9.0, 9.0, 5.0, 4.0, 4.0, 4.0, 1.0, 0.0, 3.0, 3.0, 0.0, 0.0, 1.0, 0.0, 0.0, 4.0, 0.0, 0.0, 1.0, 0.0, 0.0, 0.0, 0.0, 0.0, 0.0, 1.0], "bins": [-0.006620834581553936, -0.0063780429773032665, -0.006135251373052597, -0.00589245930314064, -0.005649667698889971, -0.005406876094639301, -0.0051640840247273445, -0.004921292420476675, -0.0046785008162260056, -0.004435709211975336, -0.004192917607724667, -0.00395012553781271, -0.0037073339335620403, -0.003464542329311371, -0.0032217504922300577, -0.0029789586551487446, -0.002736167050898075, -0.0024933754466474056, -0.0022505836095660925, -0.0020077917724847794, -0.0017650001682341099, -0.0015222084475681186, -0.0012794167269021273, -0.001036625006236136, -0.0007938332855701447, -0.0005510415649041533, -0.00030824984423816204, -6.545812357217073e-05, 0.00017733359709382057, 0.0004201253177598119, 0.0006629170384258032, 0.0009057087590917945, 0.0011485004797577858, 0.001391292200423777, 0.0016340839210897684, 0.0018768756417557597, 0.002119667362421751, 0.0023624589666724205, 0.0026052508037537336, 0.0028480426408350468, 0.0030908342450857162, 0.0033336258493363857, 0.003576417686417699, 0.003819209523499012, 0.0040620011277496815, 0.004304792732000351, 0.004547584801912308, 0.004790376406162977, 0.005033168010413647, 0.005275959614664316, 0.005518751218914986, 0.0057615432888269424, 0.006004334893077612, 0.006247126497328281, 0.006489918567240238, 0.006732710171490908, 0.006975501775741577, 0.007218293379992247, 0.007461084984242916, 0.007703877054154873, 0.007946668192744255, 0.008189460262656212, 0.008432252332568169, 0.00867504347115755, 0.008917835541069508]}, "gradients/layers.0.bias": {"_type": "histogram", "values": [1.0, 1.0, 0.0, 0.0, 0.0, 2.0, 0.0, 1.0, 0.0, 1.0, 1.0, 2.0, 3.0, 4.0, 1.0, 4.0, 4.0, 2.0, 2.0, 5.0, 8.0, 10.0, 8.0, 6.0, 7.0, 9.0, 9.0, 5.0, 9.0, 9.0, 6.0, 11.0, 13.0, 6.0, 4.0, 1.0, 5.0, 4.0, 5.0, 3.0, 1.0, 3.0, 2.0, 0.0, 3.0, 0.0, 4.0, 1.0, 1.0, 0.0, 4.0, 1.0, 3.0, 2.0, 0.0, 0.0, 0.0, 0.0, 0.0, 0.0, 0.0, 2.0, 0.0, 1.0], "bins": [-0.001086253672838211, -0.0010492996079847217, -0.0010123455431312323, -0.000975391420070082, -0.0009384373552165926, -0.0009014832321554422, -0.0008645291673019528, -0.0008275751024484634, -0.000790621037594974, -0.0007536669727414846, -0.0007167128496803343, -0.0006797587848268449, -0.0006428047199733555, -0.0006058505969122052, -0.0005688965320587158, -0.0005319424672052264, -0.0004949883441440761, -0.00045803425018675625, -0.00042108018533326685, -0.000384126091375947, -0.0003471720265224576, -0.00031021793256513774, -0.0002732638386078179, -0.0002363097737543285, -0.00019935565069317818, -0.00016240157128777355, -0.00012544749188236892, -8.849339792504907e-05, -5.153931851964444e-05, -1.4585239114239812e-05, 2.2368854843080044e-05, 5.932291969656944e-05, 9.627698455005884e-05, 0.00013323106395546347, 0.0001701851433608681, 0.00020713923731818795, 0.00024409331672359258, 0.0002810473961289972, 0.00031800149008631706, 0.00035495555493980646, 0.00039190961979329586, 0.0004288637137506157, 0.0004658177786041051, 0.000502771872561425, 0.0005397259374149144, 0.0005766800604760647, 0.0006136341253295541, 0.0006505881901830435, 0.0006875423132441938, 0.0007244963780976832, 0.0007614505011588335, 0.0007984045660123229, 0.0008353586308658123, 0.0008723126957193017, 0.000909266818780452, 0.0009462208836339414, 0.0009831750066950917, 0.0010201290715485811, 0.0010570831364020705, 0.00109403720125556, 0.0011309913825243711, 0.0011679454473778605, 0.00120489951223135, 0.0012418535770848393, 0.0012788076419383287]}, "gradients/layers.0.weight": {"_type": "histogram", "values": [4.0, 1.0, 10.0, 12.0, 8.0, 7.0, 11.0, 16.0, 14.0, 29.0, 36.0, 56.0, 78.0, 70.0, 89.0, 115.0, 134.0, 193.0, 258.0, 403.0, 446.0, 577.0, 878.0, 1220.0, 1666.0, 2296.0, 3377.0, 4674.0, 8856.0, 109232.0, 7291.0, 3833.0, 2541.0, 1974.0, 1391.0, 1143.0, 859.0, 628.0, 518.0, 387.0, 295.0, 236.0, 173.0, 145.0, 111.0, 85.0, 87.0, 60.0, 61.0, 41.0, 33.0, 25.0, 29.0, 20.0, 10.0, 12.0, 8.0, 9.0, 6.0, 10.0, 5.0, 3.0, 3.0, 2.0],