{"train_loss": 0.9187678098678589, "valid_accuracy": 0.8907142877578735, "_runtime": 160, "_timestamp": 1616499679, "_step": 79}