{"Episode": 36, "Episode reward": -81.89470974253418, "Average reward": -195.00570387239412, "Actor Loss": 21.69557762145996, "Critic Loss": 60.32872772216797, "_runtime": 50, "_timestamp": 1620596631, "_step": 36}