{"initial_reset_timestamp": 1620624759.9172966, "timestamps": [1620624774.8666577, 1620624783.2413006, 1620624787.9633844, 1620624794.7535524, 1620624799.3247752, 1620624803.3444333, 1620624808.000111, 1620624811.2372446, 1620624819.0442698, 1620624825.1508312, 1620624827.7701, 1620624832.991307, 1620624836.678826, 1620624844.23659, 1620624850.7096388, 1620624854.8636897, 1620624859.401875, 1620624866.6580591, 1620624871.3806825, 1620624885.5949085], "episode_lengths": [393, 247, 279, 407, 270, 241, 279, 194, 232, 362, 157, 312, 221, 453, 388, 249, 271, 435, 283, 852], "episode_rewards": [184.74220628737334, 195.26563415992004, 260.8794334313284, 118.06352907635832, 276.6347946267555, 211.5627546236375, 186.30707135029184, 39.85318948684073, -5.1528353014943065, 230.16145566459764, 59.736687245169975, 179.48442602463922, 271.92978287766846, 193.33464370458722, 144.7755640076392, 297.6042121565928, 168.31861461783177, -147.8620711570485, 224.7245503969521, 250.77348971314925], "episode_types": ["e", "e", "e", "e", "e", "e", "e", "e", "e", "e", "e", "e", "e", "e", "e", "e", "e", "e", "e", "e"]}