{"train_loss": 1.2677459716796875, "valid_accuracy": 0.9041428565979004, "_runtime": 86, "_timestamp": 1616499483, "_step": 79}