{"Episode": 999, "Episode reward": -16.79326107922209, "Average reward": -71.79580225319484, "Actor Loss": 30.7925968170166, "Critic Loss": 29.9667911529541, "_runtime": 3545, "_timestamp": 1620595949, "_step": 999}