{"train_loss": 221.69357299804688, "valid_accuracy": 0.8887143135070801, "_runtime": 98, "_timestamp": 1616499083, "_step": 79}