{"graph_0": {"_type": "graph-file", "path": "media/graph/graph_0_summary_0c22ce83.graph.json", "sha256": "0c22ce830d6d1b80b496e34f93cd78c558283338b9b2d3b38b391236ae798b06", "size": 639}, "train_loss": 0.14680027961730957, "_runtime": 196, "_timestamp": 1616660673, "_step": 20039, "valid_loss": 0.17987489700317383, "mean_test_loss": 0.20633429256233857, "mean_valid_loss": 0.20633429256233857, "valid_accuracy": 93.74285714285715, "gradients/graph_1layers.2.bias": {"_type": "histogram", "values": [1.0, 0.0, 0.0, 0.0, 0.0, 0.0, 0.0, 0.0, 0.0, 0.0, 0.0, 0.0, 0.0, 0.0, 0.0, 0.0, 0.0, 0.0, 0.0, 0.0, 0.0, 0.0, 0.0, 1.0, 0.0, 0.0, 0.0, 2.0, 0.0, 0.0, 0.0, 1.0, 0.0, 0.0, 1.0, 0.0, 1.0, 0.0, 0.0, 0.0, 0.0, 1.0, 0.0, 0.0, 0.0, 0.0, 0.0, 0.0, 0.0, 0.0, 0.0, 0.0, 0.0, 0.0, 0.0, 1.0, 0.0, 0.0, 0.0, 0.0, 0.0, 0.0, 0.0, 1.0], "bins": [-0.017772739753127098, -0.01725391112267971, -0.016735084354877472, -0.016216255724430084, -0.015697427093982697, -0.015178600326180458, -0.01465977169573307, -0.014140943996608257, -0.013622116297483444, -0.013103288598358631, -0.012584459967911243, -0.01206563226878643, -0.011546804569661617, -0.011027976870536804, -0.010509148240089417, -0.009990320540964603, -0.009471491910517216, -0.008952664211392403, -0.008433835580945015, -0.007915007881820202, -0.007396180182695389, -0.006877352017909288, -0.006358523853123188, -0.005839696153998375, -0.005320867523550987, -0.004802039358764887, -0.004283211659640074, -0.0037643834948539734, -0.0032455555628985167, -0.00272672763094306, -0.0022078994661569595, -0.0016890715342015028, -0.0011702440679073334, -0.0006514160777442157, -0.00013258808758109808, 0.0003862399607896805, 0.0009050678927451372, 0.001423895824700594, 0.0019427239894866943, 0.002461551921442151, 0.0029803793877363205, 0.0034992073196917772, 0.004018035251647234, 0.004536863416433334, 0.005055691115558147, 0.005574519280344248, 0.006093347445130348, 0.006612175144255161, 0.007131003774702549, 0.007649831939488649, 0.00816866010427475, 0.008687487803399563, 0.009206315502524376, 0.009725144132971764, 0.010243971832096577, 0.01076279953122139, 0.011281628161668777, 0.01180045586079359, 0.012319284491240978, 0.012838112190365791, 0.013356939889490604, 0.013875767588615417, 0.014394596219062805, 0.014913423918187618, 0.015432251617312431]}, "gradients/graph_1layers.2.weight": {"_type": "histogram", "values": [1.0, 0.0, 1.0, 0.0, 0.0, 0.0, 2.0, 0.0, 3.0, 2.0, 3.0, 1.0, 3.0, 9.0, 4.0, 6.0, 7.0, 4.0, 6.0, 6.0, 5.0, 8.0, 6.0, 11.0, 9.0, 12.0, 13.0, 24.0, 33.0, 26.0, 29.0, 55.0, 63.0, 80.0, 88.0, 140.0, 111.0, 135.0, 153.0, 163.0, 122.0, 107.0, 105.0, 64.0, 69.0, 38.0, 27.0, 38.0, 31.0, 34.0, 18.0, 14.0, 21.0, 18.0, 13.0, 10.0, 10.0, 10.0, 9.0, 4.0, 7.0, 2.0, 3.0, 4.0], "bins": [-0.04352390393614769, -0.04239428788423538, -0.041264671832323074, -0.04013505578041077, -0.03900543972849846, -0.03787582367658615, -0.03674620762467384, -0.035616591572761536, -0.03448697179555893, -0.03335735574364662, -0.032227739691734314, -0.031098123639822006, -0.0299685075879097, -0.02883889153599739, -0.027709273621439934, -0.026579657569527626, -0.025450043380260468, -0.02432042732834816, -0.023190811276435852, -0.022061195224523544, -0.020931579172611237, -0.01980196312069893, -0.018672345206141472, -0.017542729154229164, -0.016413113102316856, -0.015283497050404549, -0.014153880998492241, -0.013024264015257359, -0.01189464796334505, -0.010765031911432743, -0.00963541492819786, -0.008505798876285553, -0.0073761846870183945, -0.006246568635106087, -0.005116952117532492, -0.003987335599958897, -0.002857719548046589, -0.0017281034961342812, -0.0005984869785606861, 0.0005311295390129089, 0.0016607455909252167, 0.002790361875668168, 0.0039199781604111195, 0.0050495946779847145, 0.006179210729897022, 0.00730882678180933, 0.008438443765044212, 0.00956805981695652, 0.010697675868868828, 0.011827291920781136, 0.012956907972693443, 0.014086524955928326, 0.015216141007840633, 0.016345757991075516, 0.017475374042987823, 0.01860499009490013, 0.01973460614681244, 0.020864222198724747, 0.021993838250637054, 0.023123454302549362, 0.02425307035446167, 0.025382686406373978, 0.026512304320931435, 0.027641920372843742, 0.02877153642475605]}, "gradients/graph_1layers.0.bias": {"_type": "histogram", "values": [1.0, 0.0, 0.0, 1.0, 0.0, 0.0, 0.0, 4.0, 1.0, 3.0, 2.0, 3.0, 3.0, 2.0, 5.0, 5.0, 3.0, 6.0, 6.0, 7.0, 5.0, 3.0, 9.0, 8.0, 8.0, 7.0, 6.0, 9.0, 10.0, 5.0, 4.0, 4.0, 5.0, 7.0, 3.0, 2.0, 8.0, 4.0, 4.0, 5.0, 4.0, 3.0, 2.0, 2.0, 4.0, 1.0, 3.0, 2.0, 1.0, 2.0, 1.0, 2.0, 1.0, 2.0, 1.0, 0.0, 0.0, 0.0, 0.0, 0.0, 0.0, 0.0, 0.0, 1.0], "bins": [-0.004650754388421774, -0.00448334775865078, -0.0043159411288797855, -0.004148534499108791, -0.003981127869337797, -0.003813721239566803, -0.003646314609795809, -0.0034789079800248146, -0.0033115013502538204, -0.0031440947204828262, -0.002976688090711832, -0.002809281460940838, -0.0026418748311698437, -0.0024744682013988495, -0.0023070615716278553, -0.002139654941856861, -0.001972248312085867, -0.0018048416823148727, -0.0016374350525438786, -0.0014700284227728844, -0.0013026217930018902, -0.001135215163230896, -0.0009678085334599018, -0.0008004019036889076, -0.0006329952739179134, -0.00046558864414691925, -0.00029818201437592506, -0.00013077538460493088, 3.663124516606331e-05, 0.0002040378749370575, 0.0003714445047080517, 0.0005388511344790459, 0.0007062582299113274, 0.0008736648596823215, 0.0010410714894533157, 0.00120847811922431, 0.001375884748995304, 0.0015432913787662983, 0.0017106980085372925, 0.0018781046383082867, 0.002045511268079281, 0.002212917897850275, 0.0023803245276212692, 0.0025477311573922634, 0.0027151377871632576, 0.002882544416934252, 0.003049951046705246, 0.00321735767647624, 0.0033847643062472343, 0.0035521709360182285, 0.0037195775657892227, 0.003886984195560217, 0.004054390825331211, 0.004221797455102205, 0.0043892040848731995, 0.004556610714644194, 0.004724017344415188, 0.004891423974186182, 0.005058830603957176, 0.00522623723372817, 0.005393643863499165, 0.005561050493270159, 0.005728457123041153, 0.005895863752812147, 0.006063270382583141]}, "gradients/graph_1layers.0.weight": {"_type": "histogram", "values": [1.0, 0.0, 1.0, 2.0, 6.0, 9.0, 7.0, 13.0, 27.0, 31.0, 39.0, 77.0, 85.0, 137.0, 212.0, 283.0, 399.0, 547.0, 749.0, 1020.0, 1309.0, 1739.0, 2398.0, 3219.0, 4293.0, 5746.0, 7684.0, 14030.0, 79237.0, 8721.0, 6199.0, 4622.0, 3384.0, 2451.0, 1893.0, 1419.0, 1144.0, 845.0, 675.0, 540.0, 405.0, 292.0, 236.0, 169.0, 120.0, 111.0, 69.0, 48.0, 44.0, 36.0, 23.0, 11.0, 8.0, 11.0, 3.0, 4.0, 5.0, 3.0, 1.0, 3.0, 1.0, 1.0, 1.0, 2.0],