{"train_loss": 45.9617919921875, "valid_accuracy": 0.9480000138282776, "_runtime": 206, "_timestamp": 1616499994, "_step": 79}