{"Episode": 8, "Episode reward": -175.9644901425405, "Average reward": -207.19327222768231, "_runtime": 13, "_timestamp": 1620544362, "_step": 8}