{"graph_0": {"_type": "graph-file", "path": "media/graph/graph_0_summary_6b062b7b.graph.json", "sha256": "6b062b7b6cdef7b6596759e2bbb6174b64ecfa85a357d7bf954d7704f836360b", "size": 639}, "train_loss": 0.44809362292289734, "_runtime": 34, "_timestamp": 1616667995, "_step": 2444, "valid_loss": 0.40899458527565, "mean_test_loss": 0.40767477072068375, "mean_valid_loss": 0.40767477072068375, "valid_accuracy": 88.98571428571428, "gradients/layers.2.bias": {"_type": "histogram", "values": [1.0, 0.0, 0.0, 0.0, 0.0, 0.0, 1.0, 0.0, 0.0, 0.0, 0.0, 0.0, 0.0, 0.0, 1.0, 0.0, 0.0, 0.0, 0.0, 0.0, 0.0, 1.0, 0.0, 0.0, 0.0, 0.0, 0.0, 0.0, 0.0, 0.0, 0.0, 0.0, 0.0, 1.0, 0.0, 0.0, 0.0, 0.0, 0.0, 0.0, 0.0, 0.0, 2.0, 0.0, 0.0, 0.0, 0.0, 1.0, 0.0, 0.0, 0.0, 0.0, 0.0, 0.0, 1.0, 0.0, 0.0, 0.0, 0.0, 0.0, 0.0, 0.0, 0.0, 1.0], "bins": [-0.009791823104023933, -0.00949326902627945, -0.009194714948534966, -0.008896159939467907, -0.008597605861723423, -0.008299051783978939, -0.00800049677491188, -0.0077019426971673965, -0.007403388619422913, -0.007104834541678429, -0.006806279998272657, -0.006507725454866886, -0.006209171377122402, -0.005910617299377918, -0.005612062755972147, -0.005313508212566376, -0.005014954134821892, -0.004716400057077408, -0.004417845513671637, -0.004119290970265865, -0.0038207368925213814, -0.0035221825819462538, -0.003223628271371126, -0.0029250739607959986, -0.002626519650220871, -0.0023279653396457434, -0.0020294110290706158, -0.0017308567184954882, -0.0014323024079203606, -0.001133748097345233, -0.0008351937867701054, -0.0005366394761949778, -0.00023808516561985016, 6.046914495527744e-05, 0.00035902345553040504, 0.0006575777661055326, 0.0009561320766806602, 0.0012546863872557878, 0.0015532406978309155, 0.001851795008406043, 0.0021503493189811707, 0.0024489036295562983, 0.002747457940131426, 0.0030460122507065535, 0.003344566561281681, 0.0036431208718568087, 0.003941675182431936, 0.0042402297258377075, 0.0045387838035821915, 0.004837337881326675, 0.005135892424732447, 0.005434446968138218, 0.005733001045882702, 0.006031555123627186, 0.006330109667032957, 0.006628664210438728, 0.006927218288183212, 0.007225772365927696, 0.0075243269093334675, 0.007822881452739239, 0.008121435530483723, 0.008419989608228207, 0.008718544617295265, 0.00901709869503975, 0.009315652772784233]}, "gradients/layers.2.weight": {"_type": "histogram", "values": [2.0, 0.0, 3.0, 1.0, 0.0, 0.0, 1.0, 0.0, 1.0, 2.0, 4.0, 6.0, 11.0, 8.0, 8.0, 10.0, 10.0, 16.0, 16.0, 17.0, 17.0, 21.0, 18.0, 25.0, 30.0, 21.0, 26.0, 19.0, 17.0, 31.0, 25.0, 25.0, 21.0, 1052.0, 38.0, 41.0, 47.0, 44.0, 44.0, 48.0, 44.0, 52.0, 36.0, 30.0, 22.0, 14.0, 12.0, 6.0, 8.0, 7.0, 8.0, 7.0, 5.0, 3.0, 3.0, 2.0, 1.0, 5.0, 1.0, 3.0, 1.0, 0.0, 3.0, 1.0], "bins": [-0.004265085328370333, -0.004137520212680101, -0.004009955562651157, -0.0038823906797915697, -0.003754825796931982, -0.0036272606812417507, -0.003499695798382163, -0.0033721309155225754, -0.0032445660326629877, -0.0031170011498034, -0.0029894362669438124, -0.0028618713840842247, -0.0027343062683939934, -0.0026067416183650494, -0.002479176502674818, -0.0023516116198152304, -0.0022240467369556427, -0.002096481854096055, -0.0019689169712364674, -0.0018413519719615579, -0.0017137870891019702, -0.0015862222062423825, -0.001458657206967473, -0.0013310923241078854, -0.0012035274412482977, -0.00107596255838871, -0.0009483976173214614, -0.0008208326762542129, -0.0006932677933946252, -0.0005657029105350375, -0.00043813796946778893, -0.00031057302840054035, -0.00018300814554095268, -5.5443233577534556e-05, 7.212167838588357e-05, 0.0001996865903493017, 0.0003272515023127198, 0.0004548163851723075, 0.0005823813262395561, 0.0007099462673068047, 0.0008375111501663923, 0.00096507603302598, 0.0010926409158855677, 0.0012202059151604772, 0.0013477707980200648, 0.0014753356808796525, 0.001602900680154562, 0.0017304655630141497, 0.0018580304458737373, 0.001985595328733325, 0.0021131602115929127, 0.0022407250944525003, 0.002368289977312088, 0.0024958550930023193, 0.002623419975861907, 0.0027509848587214947, 0.0028785497415810823, 0.00300611462444067, 0.0031336795073002577, 0.0032612443901598454, 0.0033888095058500767, 0.0035163741558790207, 0.003643939271569252, 0.0037715041544288397, 0.0038990690372884274]}, "gradients/layers.0.bias": {"_type": "histogram", "values": [1.0, 0.0, 0.0, 0.0, 3.0, 1.0, 0.0, 1.0, 0.0, 0.0, 1.0, 0.0, 0.0, 1.0, 4.0, 0.0, 1.0, 4.0, 1.0, 1.0, 0.0, 0.0, 2.0, 5.0, 4.0, 2.0, 2.0, 2.0, 5.0, 3.0, 1.0, 4.0, 9.0, 104.0, 0.0, 2.0, 1.0, 2.0, 5.0, 5.0, 1.0, 1.0, 0.0, 4.0, 4.0, 1.0, 0.0, 1.0, 3.0, 1.0, 1.0, 2.0, 0.0, 0.0, 0.0, 0.0, 1.0, 0.0, 0.0, 1.0, 0.0, 1.0, 0.0, 1.0], "bins": [-0.04225130006670952, -0.04097391664981842, -0.03969653695821762, -0.03841915354132652, -0.037141770124435425, -0.03586438670754433, -0.03458700329065323, -0.03330962359905243, -0.03203224018216133, -0.030754856765270233, -0.029477475211024284, -0.028200093656778336, -0.026922710239887238, -0.02564532682299614, -0.02436794526875019, -0.023090563714504242, -0.021813180297613144, -0.020535796880722046, -0.019258415326476097, -0.01798103377223015, -0.01670365035533905, -0.015426267869770527, -0.014148885384202003, -0.01287150289863348, -0.011594120413064957, -0.010316737927496433, -0.00903935544192791, -0.0077619729563593864, -0.006484590470790863, -0.00520720798522234, -0.003929825499653816, -0.002652443014085293, -0.0013750605285167694, -9.7678042948246e-05, 0.0011797044426202774, 0.002457086928188801, 0.0037344694137573242, 0.005011851899325848, 0.006289234384894371, 0.0075666168704628944, 0.008843999356031418, 0.010121381841599941, 0.011398764327168465, 0.012676146812736988, 0.013953529298305511, 0.015230911783874035, 0.01650829426944256, 0.017785675823688507, 0.019063059240579605, 0.020340442657470703, 0.021617824211716652, 0.0228952057659626, 0.0241725891828537, 0.025449972599744797, 0.026727354153990746, 0.028004735708236694, 0.029282119125127792, 0.03055950254201889, 0.03183688223361969, 0.03311426565051079, 0.034391649067401886, 0.035669032484292984, 0.03694641590118408, 0.03822379559278488, 0.03950117900967598]}, "gradients/layers.0.weight": {"_type": "histogram", "values": [1.0, 0.0, 0.0, 0.0, 0.0, 0.0, 1.0, 1.0, 2.0, 1.0, 3.0, 3.0, 5.0, 13.0, 19.0, 22.0, 36.0, 61.0, 66.0, 114.0, 155.0, 239.0, 278.0, 388.0, 507.0, 697.0, 869.0, 1043.0, 1238.0, 1599.0, 2137.0, 2640.0, 3604.0, 5720.0, 117078.0, 4781.0, 3289.0, 2381.0, 1954.0, 1471.0, 1169.0, 881.0, 652.0, 496.0, 352.0, 267.0, 182.0, 137.0, 94.0, 56.0, 33.0, 22.0, 15.0, 8.0, 5.0, 4.0, 1.0, 5.0, 2.0, 0.0, 1.0, 0.0, 1.0, 1.0],