{"graph_0": {"_type": "graph-file", "path": "media/graph/graph_0_summary_017d468b.graph.json", "sha256": "017d468b06e37c2a11b86971c58c328614cec378abfe82052c075a1aa7bee005", "size": 639}, "train_loss": 0.0025009990204125643, "_runtime": 73, "_timestamp": 1616667911, "_step": 5979, "valid_loss": 0.15701010823249817, "mean_test_loss": 0.003136209157859757, "mean_valid_loss": 0.003136209157859757, "valid_accuracy": 97.52857142857142, "gradients/graph_1layers.2.bias": {"_type": "histogram", "values": [1.0, 0.0, 0.0, 0.0, 0.0, 0.0, 0.0, 0.0, 1.0, 0.0, 0.0, 0.0, 0.0, 0.0, 0.0, 1.0, 0.0, 1.0, 0.0, 0.0, 0.0, 1.0, 0.0, 0.0, 0.0, 2.0, 0.0, 0.0, 0.0, 0.0, 1.0, 1.0, 0.0, 0.0, 0.0, 0.0, 0.0, 0.0, 0.0, 0.0, 0.0, 0.0, 0.0, 0.0, 0.0, 0.0, 0.0, 0.0, 0.0, 0.0, 0.0, 0.0, 0.0, 0.0, 0.0, 0.0, 0.0, 0.0, 0.0, 0.0, 0.0, 0.0, 0.0, 1.0], "bins": [-0.0007004988146945834, -0.000671436486300081, -0.0006423740996979177, -0.0006133117713034153, -0.0005842494429089129, -0.0005551871145144105, -0.0005261247279122472, -0.0004970623995177448, -0.0004680000711232424, -0.0004389377136249095, -0.0004098753852304071, -0.00038081302773207426, -0.00035175069933757186, -0.000322688341839239, -0.00029362598434090614, -0.00026456365594640374, -0.00023550129844807088, -0.00020643895550165325, -0.00017737661255523562, -0.00014831425505690277, -0.00011925191938644275, -9.018956916406751e-05, -6.112722621764988e-05, -3.206488327123225e-05, -3.0025257728993893e-06, 2.6059818992507644e-05, 5.512216375791468e-05, 8.418451034231111e-05, 0.00011324685328872874, 0.000142309203511104, 0.00017137154645752162, 0.00020043388940393925, 0.00022949621779844165, 0.0002585585752967745, 0.0002876209036912769, 0.00031668326118960977, 0.00034574558958411217, 0.000374807947082445, 0.0004038703045807779, 0.0004329326329752803, 0.0004619949613697827, 0.0004910572897642851, 0.0005201196763664484, 0.0005491820047609508, 0.0005782443331554532, 0.0006073067197576165, 0.0006363690481521189, 0.0006654313765466213, 0.0006944937631487846, 0.000723556091543287, 0.0007526184781454504, 0.0007816808065399528, 0.0008107431349344552, 0.0008398054633289576, 0.0008688678499311209, 0.0008979301783256233, 0.0009269925067201257, 0.0009560548351146281, 0.0009851171635091305, 0.0010141795501112938, 0.001043241936713457, 0.0010723042069002986, 0.001101366593502462, 0.0011304288636893034, 0.0011594912502914667]}, "gradients/graph_1layers.2.weight": {"_type": "histogram", "values": [1.0, 0.0, 0.0, 1.0, 0.0, 1.0, 1.0, 3.0, 1.0, 1.0, 1.0, 6.0, 5.0, 3.0, 5.0, 12.0, 6.0, 17.0, 25.0, 25.0, 33.0, 35.0, 34.0, 50.0, 78.0, 83.0, 108.0, 201.0, 627.0, 211.0, 107.0, 65.0, 57.0, 29.0, 30.0, 22.0, 17.0, 13.0, 6.0, 8.0, 5.0, 8.0, 9.0, 8.0, 4.0, 2.0, 5.0, 5.0, 0.0, 7.0, 3.0, 4.0, 0.0, 3.0, 0.0, 2.0, 1.0, 0.0, 2.0, 1.0, 1.0, 1.0, 0.0, 1.0], "bins": [-0.004239644855260849, -0.004090151283890009, -0.003940657712519169, -0.0037911643739789724, -0.0036416708026081324, -0.0034921772312372923, -0.003342683892697096, -0.003193190321326256, -0.0030436967499554157, -0.0028942031785845757, -0.0027447096072137356, -0.002595216268673539, -0.002445722697302699, -0.002296229125931859, -0.0021467357873916626, -0.0019972422160208225, -0.0018477486446499825, -0.0016982550732791424, -0.0015487616183236241, -0.0013992681633681059, -0.0012497745919972658, -0.0011002810206264257, -0.0009507875656709075, -0.0008012941107153893, -0.0006518005393445492, -0.00050230702618137, -0.00035281351301819086, -0.0002033199998550117, -5.382648669183254e-05, 9.566702647134662e-05, 0.0002451605396345258, 0.000394653994590044, 0.0005441471002995968, 0.0006936406134627759, 0.0008431341266259551, 0.0009926275815814734, 0.0011421211529523134, 0.0012916147243231535, 0.0014411081792786717, 0.00159060163423419, 0.00174009520560503, 0.0018895887769758701, 0.00203908234834671, 0.0021885756868869066, 0.0023380692582577467, 0.0024875628296285868, 0.002637056168168783, 0.0027865497395396233, 0.0029360433109104633, 0.0030855368822813034, 0.0032350304536521435, 0.00338452379219234, 0.00353401736356318, 0.00368351093493402, 0.0038330042734742165, 0.0039824978448450565, 0.004131991416215897, 0.004281484987586737, 0.004430978558957577, 0.004580472130328417, 0.004729965701699257, 0.00487945880740881, 0.00502895237877965, 0.00517844595015049, 0.00532793952152133]}, "gradients/graph_1layers.0.bias": {"_type": "histogram", "values": [1.0, 0.0, 0.0, 0.0, 1.0, 0.0, 0.0, 0.0, 0.0, 1.0, 0.0, 0.0, 0.0, 0.0, 1.0, 0.0, 0.0, 0.0, 1.0, 0.0, 2.0, 1.0, 2.0, 0.0, 3.0, 1.0, 7.0, 3.0, 2.0, 5.0, 5.0, 4.0, 5.0, 9.0, 8.0, 9.0, 19.0, 8.0, 13.0, 12.0, 9.0, 14.0, 10.0, 11.0, 6.0, 8.0, 3.0, 4.0, 3.0, 0.0, 2.0, 1.0, 0.0, 0.0, 1.0, 2.0, 1.0, 0.0, 1.0, 0.0, 0.0, 0.0, 0.0, 1.0], "bins": [-0.0011067806044593453, -0.0010768395150080323, -0.0010468984255567193, -0.0010169573361054063, -0.0009870162466540933, -0.0009570751572027802, -0.0009271340095438063, -0.0008971929200924933, -0.0008672518306411803, -0.0008373107411898673, -0.0008073696517385542, -0.0007774285622872412, -0.0007474874146282673, -0.0007175463251769543, -0.0006876052357256413, -0.0006576641462743282, -0.0006277230568230152, -0.0005977819673717022, -0.0005678408779203892, -0.0005378997884690762, -0.0005079586990177631, -0.00047801758046261966, -0.0004480764619074762, -0.00041813537245616317, -0.00038819428300485015, -0.00035825319355353713, -0.0003283121041022241, -0.00029837098554708064, -0.0002684298960957676, -0.0002384888066444546, -0.00020854770264122635, -0.0001786065986379981, -0.00014866545097902417, -0.00011872435425175354, -8.87832575244829e-05, -5.884216079721227e-05, -2.890106406994164e-05, 1.040025381371379e-06, 3.0981129384599626e-05, 6.092223338782787e-05, 9.086332283914089e-05, 0.00012080441956641153, 0.00015074551629368216, 0.0001806866202969104, 0.00021062770974822342, 0.00024056879919953644, 0.0002705099177546799, 0.00030045100720599294, 0.00033039209665730596, 0.000360333186108619, 0.000390274275559932, 0.00042021539411507547, 0.0004501564835663885, 0.0004800975730177015, 0.000510038691572845, 0.000539979781024158, 0.000569920870475471, 0.000599861959926784, 0.0006298030493780971, 0.0006597441388294101, 0.0006896852282807231, 0.0007196263177320361, 0.00074956746539101, 0.0007795085548423231, 0.0008094496442936361]}, "gradients/graph_1layers.0.weight": {"_type": "histogram", "values": [2.0, 0.0, 0.0, 4.0, 3.0, 7.0, 8.0, 10.0, 8.0, 10.0, 16.0, 15.0, 11.0, 13.0, 26.0, 28.0, 34.0, 34.0, 39.0, 53.0, 46.0, 59.0, 94.0, 110.0, 149.0, 210.0, 281.0, 334.0, 375.0, 453.0, 580.0, 767.0, 1019.0, 1469.0, 2040.0, 3286.0, 5148.0, 8749.0, 102907.0, 8209.0, 5337.0, 3798.0, 2999.0, 2206.0, 1646.0, 1176.0, 801.0, 623.0, 432.0, 325.0, 212.0, 146.0, 115.0, 95.0, 59.0, 69.0, 48.0, 38.0, 21.0, 21.0, 6.0, 12.0, 4.0, 5.0],