{"graph_0": {"_type": "graph-file", "path": "media/graph/graph_0_summary_2e87248b.graph.json", "sha256": "2e87248b00a5e541553208cd52c5127187ed9db203f27371a3c394d1d7134117", "size": 639}, "train_loss": 7.742055458948016e-07, "_runtime": 295, "_timestamp": 1616580833, "_step": 20039, "valid_loss": 0.3047722280025482, "mean_test_loss": 2.8356115178816467e-06, "mean_valid_loss": 2.8356115178816467e-06, "valid_accuracy": 97.62857142857143, "gradients/graph_3layers.2.bias": {"_type": "histogram", "values": [1.0, 0.0, 0.0, 0.0, 0.0, 0.0, 0.0, 0.0, 0.0, 0.0, 0.0, 0.0, 0.0, 0.0, 0.0, 0.0, 0.0, 0.0, 0.0, 0.0, 0.0, 0.0, 0.0, 0.0, 0.0, 0.0, 1.0, 1.0, 0.0, 0.0, 1.0, 1.0, 2.0, 1.0, 0.0, 0.0, 0.0, 1.0, 0.0, 0.0, 0.0, 0.0, 0.0, 0.0, 0.0, 0.0, 0.0, 0.0, 0.0, 0.0, 0.0, 0.0, 0.0, 0.0, 0.0, 0.0, 0.0, 0.0, 0.0, 0.0, 0.0, 0.0, 0.0, 1.0], "bins": [-1.9976382645836566e-06, -1.934456122398842e-06, -1.8712740939008654e-06, -1.808091951716051e-06, -1.7449099232180743e-06, -1.6817277810332598e-06, -1.6185456388484454e-06, -1.555363496663631e-06, -1.4921814681656542e-06, -1.4289993259808398e-06, -1.365817297482863e-06, -1.3026351552980486e-06, -1.2394530131132342e-06, -1.1762709846152575e-06, -1.113088842430443e-06, -1.0499068139324663e-06, -9.867246717476519e-07, -9.235425864062563e-07, -8.603605010648607e-07, -7.971783588800463e-07, -7.339962735386507e-07, -6.708141881972551e-07, -6.076320460124407e-07, -5.444499606710451e-07, -4.812678753296495e-07, -4.1808578998825396e-07, -3.5490367622514896e-07, -2.9172156246204395e-07, -2.2853947712064837e-07, -1.653573917792528e-07, -1.0217527801614779e-07, -3.899316425304278e-08, 2.4188693714677356e-08, 8.737079326692765e-08, 1.5055289281917794e-07, 2.1373499237142823e-07, 2.7691709192367853e-07, 3.400991772650741e-07, 4.032812910281791e-07, 4.664634047912841e-07, 5.296454901326797e-07, 5.928275754740753e-07, 6.560096608154709e-07, 7.191918030002853e-07, 7.823738883416809e-07, 8.455559736830764e-07, 9.087381158678909e-07, 9.719201443658676e-07, 1.035102286550682e-06, 1.0982844287354965e-06, 1.1614664572334732e-06, 1.2246485994182876e-06, 1.2878306279162643e-06, 1.3510127701010788e-06, 1.4141949122858932e-06, 1.4773770544707077e-06, 1.5405590829686844e-06, 1.6037412251534988e-06, 1.6669232536514755e-06, 1.73010539583629e-06, 1.7932875380211044e-06, 1.8564695665190811e-06, 1.919651595017058e-06, 1.9828337372018723e-06, 2.0460158793866867e-06]}, "gradients/graph_3layers.2.weight": {"_type": "histogram", "values": [1.0, 0.0, 0.0, 0.0, 0.0, 1.0, 1.0, 1.0, 2.0, 0.0, 2.0, 2.0, 3.0, 2.0, 2.0, 6.0, 6.0, 4.0, 8.0, 13.0, 10.0, 11.0, 10.0, 10.0, 9.0, 18.0, 33.0, 51.0, 78.0, 168.0, 344.0, 633.0, 208.0, 118.0, 62.0, 44.0, 24.0, 16.0, 12.0, 11.0, 9.0, 12.0, 8.0, 9.0, 6.0, 10.0, 2.0, 4.0, 3.0, 2.0, 1.0, 3.0, 2.0, 2.0, 1.0, 0.0, 1.0, 0.0, 0.0, 0.0, 0.0, 0.0, 0.0, 1.0], "bins": [-1.0109230970556382e-05, -9.785623660718556e-06, -9.462017260375433e-06, -9.138409950537607e-06, -8.814803550194483e-06, -8.491196240356658e-06, -8.167589840013534e-06, -7.843982530175708e-06, -7.5203756750852335e-06, -7.196768819994759e-06, -6.873161964904284e-06, -6.549555109813809e-06, -6.225947799975984e-06, -5.90234139963286e-06, -5.578734089795034e-06, -5.25512723470456e-06, -4.931520379614085e-06, -4.60791352452361e-06, -4.2843066694331355e-06, -3.96069935959531e-06, -3.6370927318785107e-06, -3.313485876788036e-06, -2.989878794323886e-06, -2.666271939233411e-06, -2.3426646293955855e-06, -2.019057774305111e-06, -1.6954508055277984e-06, -1.371843836750486e-06, -1.0482369816600112e-06, -7.246301265695365e-07, -4.0102304410538636e-07, -7.741618901491165e-08, 2.461893018335104e-07, 5.69796213767404e-07, 8.934031257012975e-07, 1.21701009447861e-06, 1.5406169495690847e-06, 1.8642238046595594e-06, 2.1878308871237095e-06, 2.5114377422141843e-06, 2.835044142557308e-06, 3.1586509976477828e-06, 3.4822578527382575e-06, 3.8058649352024077e-06, 4.129471562919207e-06, 4.4530788727570325e-06, 4.776685727847507e-06, 5.100292582937982e-06, 5.4238998927758075e-06, 5.747506747866282e-06, 6.071113602956757e-06, 6.3947209127945825e-06, 6.718327313137706e-06, 7.041934622975532e-06, 7.365541478066007e-06, 7.689148333156481e-06, 8.012755642994307e-06, 8.336362952832133e-06, 8.659969353175256e-06, 8.983576663013082e-06, 9.307183063356206e-06, 9.630790373194031e-06, 9.954397683031857e-06, 1.027800408337498e-05, 1.0601610483718105e-05]}, "gradients/graph_3layers.0.bias": {"_type": "histogram", "values": [1.0, 0.0, 0.0, 0.0, 0.0, 2.0, 0.0, 1.0, 0.0, 0.0, 1.0, 2.0, 3.0, 3.0, 1.0, 1.0, 1.0, 4.0, 1.0, 9.0, 11.0, 9.0, 9.0, 6.0, 9.0, 16.0, 17.0, 8.0, 11.0, 14.0, 11.0, 2.0, 4.0, 4.0, 5.0, 2.0, 4.0, 2.0, 0.0, 5.0, 1.0, 5.0, 2.0, 2.0, 0.0, 0.0, 1.0, 2.0, 1.0, 0.0, 1.0, 0.0, 1.0, 2.0, 0.0, 0.0, 0.0, 0.0, 0.0, 1.0, 0.0, 0.0, 1.0, 1.0], "bins": [-2.125103719663457e-06, -2.0469331047934247e-06, -1.9687624899233924e-06, -1.8905917613665224e-06, -1.8124211464964901e-06, -1.7342505316264578e-06, -1.6560798030695878e-06, -1.5779091881995555e-06, -1.4997385733295232e-06, -1.421567958459491e-06, -1.3433973435894586e-06, -1.2652266150325886e-06, -1.1870560001625563e-06, -1.108885385292524e-06, -1.030714656735654e-06, -9.525440418656217e-07, -8.743734269955894e-07, -7.962028121255571e-07, -7.180321404121059e-07, -6.398614686986548e-07, -5.616908538286225e-07, -4.835202389585902e-07, -4.0534956724513904e-07, -3.271788955316879e-07, -2.490082806616556e-07, -1.7083763736991386e-07, -9.266699407817214e-08, -1.4496350786430412e-08, 6.367429250531131e-08, 1.4184493579705304e-07, 2.2001557908879477e-07, 2.981862508022459e-07, 3.7635709304595366e-07, 4.545277363376954e-07, 5.326983796294371e-07, 6.108690513428883e-07, 6.890396662129206e-07, 7.672102810829529e-07, 8.45380952796404e-07, 9.235516245098552e-07, 1.0017222393798875e-06, 1.0798928542499198e-06, 1.158063469119952e-06, 1.236234197676822e-06, 1.3144048125468544e-06, 1.3925754274168867e-06, 1.4707461559737567e-06, 1.548916770843789e-06, 1.6270873857138213e-06, 1.7052580005838536e-06, 1.7834286154538859e-06, 1.8615993440107559e-06, 1.9397698451939505e-06, 2.017940687437658e-06, 2.0961113023076905e-06, 2.174281917177723e-06, 2.252452532047755e-06, 2.3306231469177874e-06, 2.4087937617878197e-06, 2.486964376657852e-06, 2.5651352189015597e-06, 2.643305833771592e-06, 2.7214764486416243e-06, 2.7996470635116566e-06, 2.877817678381689e-06]}, "gradients/graph_3layers.0.weight": {"_type": "histogram", "values": [1.0, 0.0, 3.0, 1.0, 3.0, 2.0, 3.0, 6.0, 21.0, 18.0, 15.0, 18.0, 27.0, 36.0, 53.0, 62.0, 93.0, 144.0, 199.0, 298.0, 435.0, 671.0, 1121.0, 1716.0, 3196.0, 7645.0, 108312.0, 19382.0, 5468.0, 2681.0, 1430.0, 854.0, 541.0, 396.0, 294.0, 276.0, 240.0, 203.0, 191.0, 149.0, 128.0, 124.0, 74.0, 51.0, 44.0, 34.0, 35.0, 26.0, 13.0, 19.0, 9.0, 9.0, 5.0, 3.0, 1.0, 2.0, 3.0, 3.0, 2.0, 1.0, 6.0, 2.0, 1.0, 1.0],