{"train_loss": 237.56617736816406, "valid_accuracy": 0.890999972820282, "_runtime": 86, "_timestamp": 1616498766, "_step": 79}