{"graph_0": {"_type": "graph-file", "path": "media/graph/graph_0_summary_80a595c5.graph.json", "sha256": "80a595c54a64224a833da69c13fa9ae34287f52c3147135aec7c69d931721d3c", "size": 639}, "train_loss": 0.0003695533378049731, "_runtime": 116, "_timestamp": 1616579874, "_step": 6679, "valid_loss": 0.2328624278306961, "mean_test_loss": 0.0018392373020862684, "mean_valid_loss": 0.0018392373020862684, "valid_accuracy": 97.38571428571429, "gradients/layers.2.bias": {"_type": "histogram", "values": [2.0, 0.0, 0.0, 0.0, 0.0, 0.0, 0.0, 1.0, 0.0, 0.0, 0.0, 0.0, 0.0, 0.0, 0.0, 0.0, 0.0, 0.0, 0.0, 0.0, 0.0, 0.0, 0.0, 0.0, 0.0, 0.0, 0.0, 0.0, 0.0, 0.0, 0.0, 0.0, 0.0, 0.0, 0.0, 0.0, 2.0, 0.0, 0.0, 0.0, 0.0, 0.0, 0.0, 1.0, 0.0, 1.0, 0.0, 0.0, 0.0, 1.0, 0.0, 0.0, 0.0, 0.0, 0.0, 0.0, 0.0, 0.0, 0.0, 0.0, 1.0, 0.0, 0.0, 1.0], "bins": [-0.00040267285658046603, -0.00039098074194043875, -0.0003792886564042419, -0.00036759654176421463, -0.00035590442712418735, -0.00034421231248416007, -0.00033252022694796324, -0.00032082811230793595, -0.00030913599766790867, -0.0002974438830278814, -0.00028575179749168456, -0.00027405968285165727, -0.00026236756821163, -0.0002506754535716027, -0.00023898336803540587, -0.0002272912533953786, -0.00021559915330726653, -0.00020390705321915448, -0.0001922149385791272, -0.00018052283849101514, -0.00016883072385098785, -0.0001571386237628758, -0.0001454465091228485, -0.00013375440903473645, -0.0001220623089466244, -0.00011037020158255473, -9.867809421848506e-05, -8.6985994130373e-05, -7.529387949034572e-05, -6.360177940223366e-05, -5.190967203816399e-05, -4.021756467409432e-05, -2.8525450034067035e-05, -1.6833342669997364e-05, -5.141237124917097e-06, 6.5508684201631695e-06, 1.824297578423284e-05, 2.993508314830251e-05, 4.1627186874393374e-05, 5.3319294238463044e-05, 6.501140887849033e-05, 7.670351624256e-05, 8.839562360662967e-05, 0.00010008772369474173, 0.00011177983833476901, 0.00012347193842288107, 0.00013516403851099312, 0.0001468561531510204, 0.00015854825323913246, 0.00017024035332724452, 0.0001819324679672718, 0.00019362456805538386, 0.00020531668269541115, 0.0002170087827835232, 0.0002287008974235505, 0.00024039299751166254, 0.0002520850975997746, 0.0002637772122398019, 0.0002754692977759987, 0.000287161412416026, 0.0002988535270560533, 0.00031054564169608057, 0.0003222377272322774, 0.0003339298418723047, 0.00034562195651233196]}, "gradients/layers.2.weight": {"_type": "histogram", "values": [2.0, 0.0, 1.0, 0.0, 1.0, 0.0, 2.0, 0.0, 2.0, 1.0, 0.0, 5.0, 5.0, 2.0, 7.0, 4.0, 8.0, 6.0, 12.0, 19.0, 18.0, 33.0, 29.0, 29.0, 34.0, 47.0, 50.0, 64.0, 61.0, 76.0, 73.0, 100.0, 131.0, 247.0, 153.0, 121.0, 113.0, 94.0, 74.0, 67.0, 63.0, 49.0, 37.0, 26.0, 22.0, 24.0, 16.0, 15.0, 11.0, 14.0, 3.0, 8.0, 4.0, 5.0, 2.0, 3.0, 2.0, 1.0, 1.0, 1.0, 1.0, 0.0, 0.0, 1.0], "bins": [-0.0019406091887503862, -0.0018827611347660422, -0.0018249130807816982, -0.0017670649103820324, -0.0017092168563976884, -0.0016513688024133444, -0.0015935206320136786, -0.0015356725780293345, -0.0014778245240449905, -0.0014199764700606465, -0.0013621284160763025, -0.0013042802456766367, -0.0012464321916922927, -0.0011885841377079487, -0.0011307359673082829, -0.0010728879133239388, -0.0010150398593395948, -0.0009571918053552508, -0.0008993436931632459, -0.000841495580971241, -0.000783647526986897, -0.000725799473002553, -0.0006679513608105481, -0.0006101032486185431, -0.0005522551946341991, -0.0004944071406498551, -0.0004365590284578502, -0.00037871094536967576, -0.0003208628622815013, -0.00026301477919332683, -0.00020516669610515237, -0.0001473186130169779, -8.947064634412527e-05, -3.162256325595081e-05, 2.6225519832223654e-05, 8.407360292039812e-05, 0.00014192168600857258, 0.00019976976909674704, 0.0002576178521849215, 0.00031546593527309597, 0.00037331401836127043, 0.0004311621014494449, 0.0004890101845376194, 0.0005468582967296243, 0.0006047063507139683, 0.0006625544046983123, 0.0007204025168903172, 0.0007782506290823221, 0.0008360986830666661, 0.0008939467370510101, 0.000951794849243015, 0.00100964296143502, 0.001067491015419364, 0.001125339069403708, 0.001183187123388052, 0.0012410352937877178, 0.0012988833477720618, 0.0013567314017564058, 0.0014145795721560717, 0.0014724276261404157, 0.0015302756801247597, 0.0015881237341091037, 0.0016459717880934477, 0.0017038199584931135, 0.0017616680124774575]}, "gradients/layers.0.bias": {"_type": "histogram", "values": [1.0, 0.0, 0.0, 0.0, 1.0, 0.0, 1.0, 0.0, 0.0, 0.0, 1.0, 0.0, 1.0, 0.0, 1.0, 2.0, 1.0, 0.0, 2.0, 0.0, 1.0, 1.0, 1.0, 3.0, 3.0, 5.0, 9.0, 5.0, 8.0, 7.0, 2.0, 8.0, 6.0, 9.0, 8.0, 13.0, 9.0, 8.0, 10.0, 7.0, 12.0, 11.0, 8.0, 1.0, 5.0, 3.0, 6.0, 2.0, 5.0, 2.0, 2.0, 3.0, 1.0, 0.0, 1.0, 1.0, 1.0, 0.0, 0.0, 0.0, 0.0, 0.0, 1.0, 1.0], "bins": [-0.0006609493284486234, -0.0006420849822461605, -0.0006232205778360367, -0.0006043562316335738, -0.0005854918854311109, -0.000566627539228648, -0.0005477631348185241, -0.0005288987886160612, -0.0005100344424135983, -0.0004911700962111354, -0.000472305720904842, -0.00045344134559854865, -0.00043457699939608574, -0.00041571262408979237, -0.000396848248783499, -0.0003779839025810361, -0.0003591195272747427, -0.00034025515196844935, -0.00032139080576598644, -0.0003025264304596931, -0.00028366208425723016, -0.0002647977089509368, -0.0002459333627484739, -0.00022706898744218051, -0.00020820461213588715, -0.000189340251381509, -0.00017047589062713087, -0.0001516115153208375, -0.00013274716911837459, -0.00011388280108803883, -9.501843305770308e-05, -7.615407230332494e-05, -5.7289726100862026e-05, -3.8425365346483886e-05, -1.956100095412694e-05, -6.966365617699921e-07, 1.8167724192608148e-05, 3.703208494698629e-05, 5.589645297732204e-05, 7.476081373170018e-05, 9.36251599341631e-05, 0.00011248952068854123, 0.00013135388144291937, 0.00015021825674921274, 0.00016908260295167565, 0.00018794697825796902, 0.00020681133901234716, 0.0002256756997667253, 0.00024454007507301867, 0.00026340445037931204, 0.00028226879658177495, 0.0003011331718880683, 0.00031999751809053123, 0.0003388618933968246, 0.0003577262395992875, 0.0003765906149055809, 0.00039545499021187425, 0.0004143193655181676, 0.0004331837117206305, 0.0004520480870269239, 0.0004709124332293868, 0.0004897767794318497, 0.0005086411838419735, 0.0005275055300444365, 0.0005463698762468994]}, "gradients/layers.0.weight": {"_type": "histogram", "values": [1.0, 0.0, 1.0, 2.0, 0.0, 3.0, 5.0, 3.0, 5.0, 9.0, 7.0, 9.0, 8.0, 11.0, 24.0, 36.0, 37.0, 44.0, 48.0, 55.0, 88.0, 120.0, 170.0, 170.0, 226.0, 342.0, 425.0, 610.0, 776.0, 958.0, 1341.0, 1878.0, 2721.0, 4028.0, 6669.0, 20224.0, 91353.0, 7320.0, 5099.0, 3625.0, 2605.0, 1643.0, 1266.0, 900.0, 563.0, 423.0, 268.0, 180.0, 131.0, 106.0, 59.0, 54.0, 48.0, 42.0, 21.0, 12.0, 10.0, 8.0, 3.0, 3.0, 0.0, 1.0, 1.0, 2.0],