{"graph_0": {"_type": "graph-file", "path": "media/graph/graph_0_summary_9184de3d.graph.json", "sha256": "9184de3df3a7ccc0b646a83159be832a2f231be96cace5771c92c2ea207b5c6c", "size": 642}, "train_loss": 0.027005590498447418, "_runtime": 76, "_timestamp": 1616578687, "_step": 3279, "valid_loss": 0.08092838525772095, "mean_test_loss": 0.050408110304763824, "mean_valid_loss": 0.050408110304763824, "valid_accuracy": 96.6, "gradients/graph_1layers.2.bias": {"_type": "histogram", "values": [1.0, 0.0, 0.0, 0.0, 0.0, 0.0, 0.0, 0.0, 0.0, 0.0, 0.0, 0.0, 0.0, 0.0, 0.0, 0.0, 0.0, 0.0, 0.0, 0.0, 0.0, 2.0, 0.0, 0.0, 1.0, 0.0, 0.0, 0.0, 1.0, 0.0, 0.0, 0.0, 0.0, 0.0, 0.0, 0.0, 0.0, 1.0, 0.0, 1.0, 0.0, 0.0, 0.0, 1.0, 0.0, 0.0, 0.0, 0.0, 0.0, 0.0, 1.0, 0.0, 0.0, 0.0, 0.0, 0.0, 0.0, 0.0, 0.0, 0.0, 0.0, 0.0, 0.0, 1.0], "bins": [-0.004593374207615852, -0.004454180598258972, -0.004314986988902092, -0.004175793379545212, -0.004036599770188332, -0.003897406393662095, -0.0037582130171358585, -0.0036190194077789783, -0.003479825798422098, -0.003340632189065218, -0.003201438579708338, -0.0030622452031821012, -0.002923051593825221, -0.002783857984468341, -0.0026446646079421043, -0.002505470998585224, -0.002366277389228344, -0.0022270837798714638, -0.0020878901705145836, -0.001948696793988347, -0.0018095031846314669, -0.0016703095752745867, -0.0015311160823330283, -0.00139192258939147, -0.0012527289800345898, -0.0011135353706777096, -0.0009743418777361512, -0.0008351483265869319, -0.0006959547754377127, -0.0005567612242884934, -0.0004175676731392741, -0.00027837412199005485, -0.00013918057084083557, 1.2980308383703232e-08, 0.00013920653145760298, 0.00027840008260682225, 0.0004175936337560415, 0.0005567871849052608, 0.0006959807360544801, 0.0008351742872036994, 0.0009743678383529186, 0.0011135614477097988, 0.0012527549406513572, 0.0013919484335929155, 0.0015311420429497957, 0.001670335652306676, 0.0018095291452482343, 0.0019487226381897926, 0.002087916247546673, 0.002227109856903553, 0.002366303466260433, 0.0025054968427866697, 0.00264469045214355, 0.00278388406150043, 0.0029230774380266666, 0.003062271047383547, 0.003201464656740427, 0.003340658266097307, 0.0034798518754541874, 0.003619045251980424, 0.003758238861337304, 0.0038974324706941843, 0.004036625847220421, 0.004175819456577301, 0.004315013065934181]}, "gradients/graph_1layers.2.weight": {"_type": "histogram", "values": [1.0, 0.0, 1.0, 0.0, 3.0, 3.0, 2.0, 5.0, 5.0, 6.0, 8.0, 5.0, 3.0, 6.0, 6.0, 3.0, 6.0, 5.0, 5.0, 7.0, 11.0, 8.0, 7.0, 16.0, 25.0, 45.0, 37.0, 43.0, 44.0, 51.0, 54.0, 55.0, 73.0, 85.0, 90.0, 79.0, 97.0, 147.0, 121.0, 163.0, 119.0, 87.0, 68.0, 46.0, 44.0, 53.0, 34.0, 30.0, 18.0, 30.0, 17.0, 21.0, 16.0, 14.0, 12.0, 12.0, 5.0, 6.0, 9.0, 8.0, 9.0, 3.0, 4.0, 4.0], "bins": [-0.005789820570498705, -0.005633382126688957, -0.0054769436828792095, -0.005320505239069462, -0.005164066795259714, -0.005007628351449966, -0.004851189907640219, -0.004694751463830471, -0.004538313485682011, -0.004381875041872263, -0.004225436598062515, -0.0040689981542527676, -0.00391255971044302, -0.003756121266633272, -0.003599683055654168, -0.0034432446118444204, -0.003286805935204029, -0.0031303674913942814, -0.0029739290475845337, -0.002817490603774786, -0.0026610521599650383, -0.0025046137161552906, -0.0023481755051761866, -0.002191737061366439, -0.002035298617556691, -0.0018788601737469435, -0.0017224217299371958, -0.00156598340254277, -0.0014095449587330222, -0.0012531065149232745, -0.0010966681875288486, -0.000940229743719101, -0.000783790834248066, -0.0006273523904383183, -0.00047091400483623147, -0.00031447559013031423, -0.000158037175424397, -1.5987316146492958e-06, 0.0001548396539874375, 0.00031127803958952427, 0.00046771648339927197, 0.0006241549272090197, 0.0007805933128111064, 0.0009370316984131932, 0.001093470142222941, 0.0012499085860326886, 0.0014063469134271145, 0.0015627853572368622, 0.0017192238010466099, 0.0018756622448563576, 0.0020321006886661053, 0.002188539132475853, 0.0023449775762856007, 0.0025014160200953484, 0.0026578542310744524, 0.0028142926748842, 0.002970731118693948, 0.0031271695625036955, 0.003283608006313443, 0.003440046450123191, 0.003596484661102295, 0.0037529231049120426, 0.00390936154872179, 0.004065799992531538, 0.004222238436341286]}, "gradients/graph_1layers.0.bias": {"_type": "histogram", "values": [1.0, 0.0, 0.0, 0.0, 0.0, 0.0, 0.0, 1.0, 0.0, 0.0, 0.0, 1.0, 0.0, 0.0, 1.0, 1.0, 0.0, 0.0, 5.0, 2.0, 6.0, 2.0, 6.0, 6.0, 4.0, 4.0, 6.0, 8.0, 6.0, 6.0, 13.0, 11.0, 8.0, 11.0, 9.0, 11.0, 11.0, 9.0, 6.0, 5.0, 6.0, 4.0, 4.0, 4.0, 1.0, 4.0, 3.0, 5.0, 1.0, 0.0, 2.0, 2.0, 0.0, 1.0, 0.0, 0.0, 1.0, 0.0, 1.0, 0.0, 0.0, 0.0, 0.0, 1.0], "bins": [-0.0008932522614486516, -0.0008664786582812667, -0.0008397050551138818, -0.000812931451946497, -0.000786157906986773, -0.0007593843038193882, -0.0007326107006520033, -0.0007058370974846184, -0.0006790634943172336, -0.0006522898911498487, -0.0006255162879824638, -0.0005987427430227399, -0.000571969139855355, -0.0005451955366879702, -0.0005184219335205853, -0.0004916483303532004, -0.00046487475628964603, -0.00043810115312226117, -0.00041132757905870676, -0.0003845539758913219, -0.00035778037272393703, -0.00033100676955655217, -0.00030423319549299777, -0.0002774595923256129, -0.0002506860182620585, -0.00022391242964658886, -0.000197138826479204, -0.00017036523786373436, -0.0001435916346963495, -0.00011681804608087987, -9.004445746541023e-05, -6.327085429802537e-05, -3.649725113064051e-05, -9.723657058202662e-06, 1.7049937014235184e-05, 4.3823529267683625e-05, 7.059712515911087e-05, 9.737072105053812e-05, 0.00012414430966600776, 0.00015091791283339262, 0.00017769151600077748, 0.00020446510461624712, 0.00023123870778363198, 0.0002580122963991016, 0.0002847858995664865, 0.0003115594736300409, 0.00033833307679742575, 0.0003651066799648106, 0.000391880254028365, 0.0004186538571957499, 0.0004454274312593043, 0.00047220103442668915, 0.000498974637594074, 0.0005257482407614589, 0.0005525217857211828, 0.0005792954470962286, 0.0006060689920559525, 0.0006328425952233374, 0.0006596161983907223, 0.0006863897433504462, 0.0007131633465178311, 0.000739936949685216, 0.0007667105528526008, 0.0007934841560199857, 0.0008202577591873705]}, "gradients/graph_1layers.0.weight": {"_type": "histogram", "values": [1.0, 1.0, 0.0, 2.0, 0.0, 0.0, 2.0, 8.0, 4.0, 3.0, 14.0, 16.0, 28.0, 34.0, 54.0, 65.0, 82.0, 144.0, 167.0, 222.0, 283.0, 366.0, 492.0, 690.0, 969.0, 1289.0, 1643.0, 2231.0, 2995.0, 3949.0, 5330.0, 7492.0, 14978.0, 84043.0, 8202.0, 5475.0, 3961.0, 2869.0, 2161.0, 1552.0, 1143.0, 843.0, 678.0, 527.0, 403.0, 297.0, 261.0, 193.0, 156.0, 111.0, 91.0, 70.0, 56.0, 41.0, 33.0, 30.0, 15.0, 12.0, 4.0, 2.0, 7.0, 2.0, 4.0, 4.0],