{"Episode": 999, "Episode reward": -14.189024229023133, "Average reward": 13.030284566736343, "_runtime": 3065, "_timestamp": 1620573494, "_step": 999}