{"Episode": 285, "Episode reward": 214.85457281773415, "Average reward": -121.20889005256582, "_runtime": 1061, "_timestamp": 1620576620, "_step": 285}