{"train_loss": 504.131103515625, "valid_accuracy": 0.8987143039703369, "_runtime": 151, "_timestamp": 1616500170, "_step": 79}