{"train_loss": 91.0066146850586, "valid_accuracy": 0.9048571586608887, "_runtime": 145, "_timestamp": 1616499293, "_step": 79}