{"train_loss": 7791.69873046875, "valid_accuracy": 0.24799999594688416, "_runtime": 88, "_timestamp": 1616498955, "_step": 79}