{"graph_0": {"_type": "graph-file", "path": "media/graph/graph_0_summary_ecde78f2.graph.json", "sha256": "ecde78f2b9e2bb9022204fb233b144efa3d9e73e365c5e5b7babf104fe8a51dc", "size": 639}, "train_loss": 0.14877314865589142, "_runtime": 231, "_timestamp": 1616661490, "_step": 20039, "valid_loss": 0.18381762504577637, "mean_test_loss": 0.21158667670114198, "mean_valid_loss": 0.21158667670114198, "valid_accuracy": 93.65714285714286, "gradients/graph_4layers.2.bias": {"_type": "histogram", "values": [1.0, 0.0, 0.0, 0.0, 0.0, 0.0, 0.0, 0.0, 0.0, 0.0, 0.0, 0.0, 0.0, 0.0, 0.0, 0.0, 0.0, 0.0, 0.0, 0.0, 0.0, 0.0, 0.0, 1.0, 0.0, 0.0, 1.0, 0.0, 0.0, 0.0, 2.0, 0.0, 0.0, 0.0, 0.0, 1.0, 1.0, 0.0, 0.0, 0.0, 1.0, 0.0, 0.0, 0.0, 0.0, 0.0, 0.0, 0.0, 0.0, 0.0, 0.0, 0.0, 0.0, 0.0, 1.0, 0.0, 0.0, 0.0, 0.0, 0.0, 0.0, 0.0, 0.0, 1.0], "bins": [-0.018084384500980377, -0.01755451411008835, -0.01702464185655117, -0.01649477146565914, -0.015964901074767113, -0.01543502975255251, -0.014905158430337906, -0.014375288039445877, -0.013845417648553848, -0.013315546326339245, -0.012785675935447216, -0.012255804613232613, -0.011725934222340584, -0.01119606290012598, -0.010666191577911377, -0.010136321187019348, -0.009606449864804745, -0.009076578542590141, -0.008546708151698112, -0.008016836829483509, -0.00748696643859148, -0.006957095116376877, -0.006427224259823561, -0.005897353403270245, -0.005367482081055641, -0.004837611224502325, -0.004307740367949009, -0.003777869278565049, -0.003247998422011733, -0.002718127565458417, -0.002188256476074457, -0.001658385619521141, -0.0011285152286291122, -0.0005986443138681352, -6.877339910715818e-05, 0.00046109757386147976, 0.0009909684304147959, 0.001520839286968112, 0.0020507103763520718, 0.002580581232905388, 0.0031104516237974167, 0.003640322480350733, 0.004170193336904049, 0.004700064659118652, 0.005229935050010681, 0.005759806372225285, 0.006289677228778601, 0.006819548085331917, 0.00734941940754652, 0.007879290729761124, 0.008409161120653152, 0.008939032442867756, 0.009468902833759785, 0.009998774155974388, 0.010528644546866417, 0.01105851586908102, 0.011588387191295624, 0.012118258513510227, 0.012648128904402256, 0.01317800022661686, 0.013707870617508888, 0.014237741939723492, 0.014767613261938095, 0.015297483652830124, 0.015827354043722153]}, "gradients/graph_4layers.2.weight": {"_type": "histogram", "values": [1.0, 2.0, 0.0, 1.0, 1.0, 2.0, 2.0, 4.0, 0.0, 2.0, 2.0, 8.0, 3.0, 7.0, 1.0, 8.0, 1.0, 5.0, 13.0, 8.0, 5.0, 5.0, 7.0, 14.0, 17.0, 21.0, 31.0, 29.0, 43.0, 49.0, 59.0, 72.0, 85.0, 109.0, 93.0, 112.0, 126.0, 167.0, 153.0, 105.0, 111.0, 95.0, 74.0, 52.0, 44.0, 31.0, 30.0, 28.0, 25.0, 22.0, 18.0, 17.0, 13.0, 13.0, 9.0, 3.0, 7.0, 13.0, 9.0, 3.0, 6.0, 2.0, 0.0, 2.0], "bins": [-0.040578339248895645, -0.03948185592889786, -0.03838536888360977, -0.037288885563611984, -0.0361924022436142, -0.03509591892361641, -0.03399943187832832, -0.032902948558330536, -0.03180646523833275, -0.03070998005568981, -0.029613496735692024, -0.028517011553049088, -0.0274205282330513, -0.026324043050408363, -0.025227557867765427, -0.02413107454776764, -0.023034589365124702, -0.021938104182481766, -0.02084162086248398, -0.01974513567984104, -0.018648652359843254, -0.017552167177200317, -0.01645568385720253, -0.015359198674559593, -0.014262713491916656, -0.013166229240596294, -0.012069744989275932, -0.010973259806632996, -0.009876776486635208, -0.008780291303992271, -0.007683807052671909, -0.006587322801351547, -0.005490841343998909, -0.004394357092678547, -0.003297872608527541, -0.0022013881243765354, -0.0011049038730561733, -8.419621735811234e-06, 0.0010880650952458382, 0.0021845493465662003, 0.0032810326665639877, 0.00437751691788435, 0.005474001169204712, 0.006570485886186361, 0.007666970137506723, 0.008763454854488373, 0.009859939105808735, 0.010956423357129097, 0.012052908539772034, 0.013149392791092396, 0.014245877042412758, 0.015342362225055695, 0.016438845545053482, 0.01753533072769642, 0.018631815910339355, 0.019728299230337143, 0.02082478255033493, 0.021921267732977867, 0.023017751052975655, 0.02411423623561859, 0.02521071955561638, 0.026307204738259315, 0.027403689920902252, 0.02850017324090004, 0.029596658423542976]}, "gradients/graph_4layers.0.bias": {"_type": "histogram", "values": [1.0, 1.0, 1.0, 3.0, 1.0, 0.0, 1.0, 1.0, 0.0, 1.0, 1.0, 1.0, 3.0, 3.0, 6.0, 3.0, 5.0, 6.0, 4.0, 13.0, 4.0, 4.0, 5.0, 1.0, 8.0, 8.0, 7.0, 2.0, 6.0, 9.0, 5.0, 4.0, 4.0, 2.0, 8.0, 9.0, 3.0, 6.0, 2.0, 3.0, 4.0, 3.0, 6.0, 2.0, 3.0, 4.0, 2.0, 4.0, 3.0, 2.0, 1.0, 3.0, 0.0, 1.0, 0.0, 0.0, 2.0, 0.0, 1.0, 0.0, 0.0, 0.0, 0.0, 4.0], "bins": [-0.004356468096375465, -0.004206271842122078, -0.004056075122207403, -0.0039058788679540157, -0.0037556826137006283, -0.003605486126616597, -0.003455289639532566, -0.0033050933852791786, -0.0031548968981951475, -0.0030047004111111164, -0.002854504156857729, -0.002704307669773698, -0.0025541111826896667, -0.0024039149284362793, -0.002253718441352248, -0.002103521954268217, -0.0019533257000148296, -0.0018031293293461204, -0.001652932958677411, -0.00150273647159338, -0.0013525401009246707, -0.0012023437302559614, -0.0010521472431719303, -0.000901950872503221, -0.0007517545018345118, -0.0006015581311658025, -0.0004513617022894323, -0.00030116530251689255, -0.00015096890274435282, -7.725320756435394e-07, 0.00014942389680072665, 0.00029962032567709684, 0.0004498162306845188, 0.0006000126013532281, 0.0007502090302295983, 0.0009004054591059685, 0.0010506018297746778, 0.001200798200443387, 0.0013509946875274181, 0.0015011910581961274, 0.0016513874288648367, 0.001801583799533546, 0.0019517801702022552, 0.0021019766572862864, 0.0022521731443703175, 0.002402369398623705, 0.002552565885707736, 0.002702762372791767, 0.0028529586270451546, 0.0030031551141291857, 0.003153351368382573, 0.0033035478554666042, 0.0034537441097199917, 0.003603940596804023, 0.003754137083888054, 0.0039043333381414413, 0.004054529592394829, 0.004204725846648216, 0.004354922566562891, 0.0045051188208162785, 0.004655315075069666, 0.004805511794984341, 0.004955708049237728, 0.005105904303491116, 0.00525610102340579]}, "gradients/graph_4layers.0.weight": {"_type": "histogram", "values": [1.0, 0.0, 2.0, 2.0, 3.0, 7.0, 5.0, 20.0, 11.0, 17.0, 33.0, 57.0, 67.0, 107.0, 130.0, 200.0, 242.0, 359.0, 464.0, 675.0, 879.0, 1247.0, 1655.0, 2225.0, 2806.0, 3837.0, 5059.0, 6676.0, 9981.0, 81172.0, 10543.0, 6883.0, 5062.0, 3909.0, 2872.0, 2098.0, 1673.0, 1323.0, 960.0, 775.0, 636.0, 484.0, 357.0, 300.0, 223.0, 170.0, 143.0, 90.0, 73.0, 73.0, 51.0, 48.0, 27.0, 25.0, 14.0, 14.0, 12.0, 6.0, 4.0, 5.0, 3.0, 1.0, 3.0, 1.0],