{"Episode": 999, "Episode reward": -70.6185364738934, "Average reward": -123.13659904878828, "_runtime": 1864, "_timestamp": 1620557932, "_step": 999}