{"Episode": 999, "Episode reward": -124.81212102774008, "Average reward": -159.45236125108298, "_runtime": 1447, "_timestamp": 1620556000, "_step": 999}