{"graph_0": {"_type": "graph-file", "path": "media/graph/graph_0_summary_4cc4ef5a.graph.json", "sha256": "4cc4ef5a3066e7385341895528d34899cb1299548663bdffad614c7da4a892fa", "size": 639}, "train_loss": 0.874064564704895, "_runtime": 86, "_timestamp": 1616579989, "_step": 6679, "valid_loss": 0.9987960457801819, "mean_test_loss": 0.9454111652652712, "mean_valid_loss": 0.9454111652652712, "valid_accuracy": 81.78571428571429, "gradients/graph_1layers.2.bias": {"_type": "histogram", "values": [1.0, 0.0, 0.0, 0.0, 0.0, 0.0, 0.0, 0.0, 0.0, 0.0, 0.0, 0.0, 0.0, 1.0, 0.0, 0.0, 0.0, 1.0, 1.0, 0.0, 0.0, 0.0, 0.0, 0.0, 0.0, 0.0, 0.0, 0.0, 0.0, 0.0, 0.0, 0.0, 0.0, 0.0, 0.0, 0.0, 0.0, 0.0, 0.0, 0.0, 2.0, 0.0, 1.0, 1.0, 0.0, 0.0, 0.0, 0.0, 0.0, 0.0, 0.0, 1.0, 0.0, 0.0, 0.0, 0.0, 0.0, 0.0, 0.0, 0.0, 0.0, 0.0, 0.0, 1.0], "bins": [-0.032178252935409546, -0.03121016174554825, -0.03024207055568695, -0.029273977503180504, -0.028305886313319206, -0.02733779512345791, -0.026369702070951462, -0.025401610881090164, -0.024433519691228867, -0.02346542850136757, -0.02249733731150627, -0.021529244258999825, -0.020561153069138527, -0.01959306187927723, -0.018624968826770782, -0.017656877636909485, -0.016688786447048187, -0.01572069525718689, -0.014752603136003017, -0.013784511014819145, -0.012816419824957848, -0.01184832863509655, -0.010880236513912678, -0.009912144392728806, -0.008944053202867508, -0.00797596201300621, -0.007007869891822338, -0.006039778236299753, -0.005071686580777168, -0.004103594925254583, -0.0031355032697319984, -0.0021674116142094135, -0.0011993218213319778, -0.00023123016580939293, 0.000736861489713192, 0.001704953145235777, 0.002673044800758362, 0.0036411364562809467, 0.004609228111803532, 0.0055773197673261166, 0.0065454114228487015, 0.007513503078371286, 0.008481594733893871, 0.009449686855077744, 0.010417778044939041, 0.011385869234800339, 0.012353961355984211, 0.013322053477168083, 0.01429014466702938, 0.015258235856890678, 0.016226328909397125, 0.017194420099258423, 0.01816251128911972, 0.019130602478981018, 0.020098693668842316, 0.021066786721348763, 0.02203487791121006, 0.023002969101071358, 0.023971062153577805, 0.024939153343439102, 0.0259072445333004, 0.026875335723161697, 0.027843426913022995, 0.028811519965529442, 0.02977961115539074]}, "gradients/graph_1layers.2.weight": {"_type": "histogram", "values": [1.0, 4.0, 0.0, 4.0, 1.0, 2.0, 2.0, 2.0, 1.0, 1.0, 1.0, 4.0, 2.0, 3.0, 2.0, 2.0, 2.0, 7.0, 7.0, 6.0, 5.0, 5.0, 9.0, 6.0, 8.0, 10.0, 13.0, 14.0, 19.0, 16.0, 26.0, 28.0, 21.0, 30.0, 32.0, 41.0, 40.0, 47.0, 54.0, 85.0, 177.0, 310.0, 159.0, 133.0, 132.0, 87.0, 85.0, 69.0, 63.0, 63.0, 49.0, 23.0, 24.0, 21.0, 9.0, 12.0, 9.0, 4.0, 5.0, 1.0, 0.0, 1.0, 0.0, 1.0], "bins": [-0.044601406902074814, -0.043516602367162704, -0.042431797832250595, -0.041346993297338486, -0.040262188762426376, -0.03917738422751427, -0.03809257969260216, -0.03700777888298035, -0.03592297434806824, -0.03483816981315613, -0.03375336527824402, -0.03266856074333191, -0.0315837562084198, -0.03049895167350769, -0.02941414900124073, -0.02832934446632862, -0.027244538068771362, -0.026159733533859253, -0.025074928998947144, -0.023990124464035034, -0.022905319929122925, -0.021820515394210815, -0.020735712721943855, -0.019650908187031746, -0.018566103652119637, -0.017481299117207527, -0.016396494582295418, -0.015311690978705883, -0.014226886443793774, -0.013142081908881664, -0.01205727830529213, -0.01097247377038002, -0.009887667372822762, -0.008802862837910652, -0.00771805876865983, -0.006633254699409008, -0.005548450164496899, -0.004463645629584789, -0.003378841560333967, -0.002294037491083145, -0.0012092329561710358, -0.00012442865408957005, 0.0009603756479918957, 0.0020451799500733614, 0.003129984252154827, 0.0042147887870669365, 0.0052995928563177586, 0.006384396925568581, 0.00746920146048069, 0.0085540059953928, 0.009638810530304909, 0.010723614133894444, 0.011808418668806553, 0.012893223203718662, 0.013978026807308197, 0.015062831342220306, 0.016147635877132416, 0.017232440412044525, 0.018317244946956635, 0.019402049481868744, 0.020486854016780853, 0.021571658551692963, 0.022656461223959923, 0.023741265758872032, 0.02482607029378414]}, "gradients/graph_1layers.0.bias": {"_type": "histogram", "values": [1.0, 0.0, 1.0, 0.0, 0.0, 0.0, 0.0, 0.0, 0.0, 4.0, 1.0, 1.0, 1.0, 1.0, 3.0, 0.0, 2.0, 2.0, 2.0, 4.0, 3.0, 3.0, 4.0, 2.0, 4.0, 1.0, 4.0, 3.0, 4.0, 9.0, 11.0, 7.0, 8.0, 10.0, 6.0, 4.0, 11.0, 15.0, 7.0, 17.0, 7.0, 3.0, 6.0, 1.0, 3.0, 1.0, 3.0, 5.0, 3.0, 2.0, 2.0, 2.0, 1.0, 1.0, 0.0, 1.0, 1.0, 1.0, 0.0, 0.0, 0.0, 0.0, 0.0, 1.0], "bins": [-0.01038137637078762, -0.010111481882631779, -0.009841587394475937, -0.00957169197499752, -0.009301797486841679, -0.009031902998685837, -0.00876200757920742, -0.008492113091051579, -0.008222218602895737, -0.007952324114739895, -0.007682429160922766, -0.007412534207105637, -0.007142639718949795, -0.006872745230793953, -0.006602850276976824, -0.006332955323159695, -0.006063060835003853, -0.005793166346848011, -0.005523271393030882, -0.005253376439213753, -0.004983481951057911, -0.004713587462902069, -0.00444369250908494, -0.004173797555267811, -0.003903903067111969, -0.0036340083461254835, -0.003364113625138998, -0.0030942189041525126, -0.002824324183166027, -0.0025544294621795416, -0.002284534741193056, -0.0020146400202065706, -0.0017447443678975105, -0.001474849646911025, -0.0012049549259245396, -0.0009350602049380541, -0.0006651654839515686, -0.0003952707629650831, -0.00012537604197859764, 0.00014451867900788784, 0.0004144133999943733, 0.0006843081209808588, 0.0009542028419673443, 0.0012240975629538298, 0.0014939922839403152, 0.0017638870049268007, 0.002033781725913286, 0.0023036764468997717, 0.002573571167886257, 0.0028434658888727427, 0.003113360609859228, 0.0033832553308457136, 0.003653150051832199, 0.003923044539988041, 0.00419293949380517, 0.004462834447622299, 0.004732728935778141, 0.005002623423933983, 0.005272518377751112, 0.005542413331568241, 0.005812307819724083, 0.006082202307879925, 0.006352097261697054, 0.006621992215514183, 0.006891886703670025]}, "gradients/graph_1layers.0.weight": {"_type": "histogram", "values": [2.0, 1.0, 0.0, 2.0, 2.0, 2.0, 4.0, 2.0, 4.0, 5.0, 3.0, 6.0, 11.0, 7.0, 17.0, 31.0, 44.0, 66.0, 72.0, 123.0, 166.0, 197.0, 267.0, 374.0, 454.0, 611.0, 774.0, 1020.0, 1296.0, 1697.0, 2216.0, 2814.0, 3750.0, 4993.0, 7423.0, 12081.0, 81311.0, 14404.0, 6841.0, 4120.0, 2986.0, 1978.0, 1364.0, 974.0, 712.0, 489.0, 295.0, 247.0, 156.0, 106.0, 88.0, 52.0, 34.0, 32.0, 25.0, 14.0, 8.0, 9.0, 6.0, 2.0, 4.0, 3.0, 2.0, 1.0],