{"graph_0": {"_type": "graph-file", "path": "media/graph/graph_0_summary_83ab055b.graph.json", "sha256": "83ab055b6fe8a092479615ef099a91365cb427d9e5269c05c7b5696536e004cd", "size": 639}, "train_loss": 0.004882891196757555, "_runtime": 90, "_timestamp": 1616578549, "_step": 3279, "valid_loss": 0.16880619525909424, "mean_test_loss": 0.00990623340829078, "mean_valid_loss": 0.00990623340829078, "valid_accuracy": 97.32857142857142, "gradients/layers.2.bias": {"_type": "histogram", "values": [1.0, 0.0, 0.0, 0.0, 0.0, 0.0, 0.0, 0.0, 0.0, 0.0, 0.0, 0.0, 0.0, 0.0, 0.0, 0.0, 0.0, 0.0, 0.0, 0.0, 0.0, 0.0, 0.0, 0.0, 0.0, 0.0, 0.0, 0.0, 0.0, 1.0, 0.0, 0.0, 1.0, 0.0, 0.0, 1.0, 0.0, 0.0, 1.0, 0.0, 0.0, 1.0, 0.0, 0.0, 0.0, 0.0, 0.0, 1.0, 0.0, 0.0, 0.0, 0.0, 0.0, 0.0, 0.0, 1.0, 0.0, 0.0, 0.0, 0.0, 0.0, 1.0, 0.0, 1.0], "bins": [-0.002650703303515911, -0.002585266251116991, -0.002519829198718071, -0.002454392146319151, -0.002388955093920231, -0.002323518041521311, -0.0022580809891223907, -0.0021926439367234707, -0.0021272068843245506, -0.0020617698319256306, -0.0019963327795267105, -0.0019308957271277905, -0.0018654586747288704, -0.0018000216223299503, -0.0017345844535157084, -0.0016691474011167884, -0.0016037102323025465, -0.0015382731799036264, -0.0014728361275047064, -0.0014073990751057863, -0.0013419620227068663, -0.0012765249703079462, -0.0012110878014937043, -0.0011456507490947843, -0.0010802136966958642, -0.0010147766442969441, -0.0009493395918980241, -0.0008839024812914431, -0.000818465428892523, -0.000753028376493603, -0.000687591265887022, -0.000622154213488102, -0.0005567173939198256, -0.0004912803415209055, -0.000425843260018155, -0.00036040617851540446, -0.0002949691261164844, -0.00022953207371756434, -0.00016409499221481383, -9.865791071206331e-05, -3.322085831314325e-05, 3.2216208637692034e-05, 9.765327558852732e-05, 0.0001630903425393626, 0.0002285274094901979, 0.00029396446188911796, 0.00035940154339186847, 0.000424838624894619, 0.000490275677293539, 0.0005557127296924591, 0.0006211497820913792, 0.0006865868926979601, 0.0007520239450968802, 0.0008174609974958003, 0.0008828981081023812, 0.0009483351605013013, 0.0010137722129002213, 0.0010792092652991414, 0.0011446463176980615, 0.0012100833700969815, 0.0012755205389112234, 0.0013409575913101435, 0.0014063946437090635, 0.0014718316961079836, 0.0015372687485069036]}, "gradients/layers.2.weight": {"_type": "histogram", "values": [1.0, 4.0, 2.0, 0.0, 1.0, 1.0, 1.0, 1.0, 1.0, 3.0, 0.0, 6.0, 2.0, 2.0, 4.0, 7.0, 3.0, 5.0, 12.0, 6.0, 8.0, 7.0, 8.0, 9.0, 12.0, 14.0, 20.0, 6.0, 29.0, 26.0, 39.0, 53.0, 90.0, 155.0, 175.0, 380.0, 237.0, 136.0, 115.0, 63.0, 57.0, 60.0, 58.0, 33.0, 34.0, 32.0, 14.0, 17.0, 13.0, 9.0, 6.0, 3.0, 9.0, 1.0, 4.0, 1.0, 3.0, 1.0, 0.0, 0.0, 0.0, 0.0, 0.0, 1.0], "bins": [-0.008084045723080635, -0.00785763654857874, -0.007631228305399418, -0.007404819130897522, -0.007178410422056913, -0.006952001713216305, -0.006725593004375696, -0.006499184295535088, -0.006272775586694479, -0.00604636687785387, -0.005819958169013262, -0.005593549460172653, -0.005367140285670757, -0.005140731576830149, -0.00491432286798954, -0.0046879141591489315, -0.004461505450308323, -0.004235096741467714, -0.004008688032627106, -0.0037822790909558535, -0.003555870382115245, -0.0033294614404439926, -0.003103052731603384, -0.0028766440227627754, -0.0026502348482608795, -0.002423826139420271, -0.0021974171977490187, -0.00197100848890841, -0.0017445997800678015, -0.001518190954811871, -0.0012917821295559406, -0.001065373420715332, -0.0008389647118747234, -0.0006125559448264539, -0.00038614714867435396, -0.000159738352522254, 6.667041452601552e-05, 0.00029307918157428503, 0.0005194880068302155, 0.000745896715670824, 0.0009723054245114326, 0.001198714249767363, 0.0014251229586079717, 0.001651531783863902, 0.0018779404927045107, 0.002104349434375763, 0.0023307581432163715, 0.00255716685205698, 0.0027835757937282324, 0.003009984502568841, 0.0032363934442400932, 0.003462802153080702, 0.0036892108619213104, 0.003915619570761919, 0.004142028279602528, 0.0043684374541044235, 0.004594846162945032, 0.004821254871785641, 0.005047663580626249, 0.005274072289466858, 0.005500481463968754, 0.005726890172809362, 0.005953298881649971, 0.00617970759049058, 0.006406116299331188]}, "gradients/layers.0.bias": {"_type": "histogram", "values": [1.0, 0.0, 1.0, 0.0, 0.0, 0.0, 0.0, 2.0, 1.0, 2.0, 1.0, 0.0, 1.0, 0.0, 2.0, 1.0, 4.0, 4.0, 2.0, 7.0, 3.0, 4.0, 4.0, 5.0, 6.0, 4.0, 4.0, 7.0, 10.0, 6.0, 10.0, 17.0, 5.0, 6.0, 7.0, 7.0, 6.0, 3.0, 5.0, 5.0, 3.0, 3.0, 9.0, 3.0, 8.0, 4.0, 3.0, 4.0, 0.0, 3.0, 3.0, 1.0, 0.0, 0.0, 0.0, 1.0, 0.0, 0.0, 0.0, 0.0, 1.0, 0.0, 0.0, 1.0], "bins": [-0.001117282547056675, -0.0010817955480888486, -0.0010463085491210222, -0.0010108215501531959, -0.0009753345511853695, -0.0009398475522175431, -0.0009043606114573777, -0.0008688736124895513, -0.0008333866135217249, -0.0007978996145538986, -0.0007624126155860722, -0.0007269256166182458, -0.0006914386758580804, -0.000655951676890254, -0.0006204646779224277, -0.0005849776789546013, -0.0005494906799867749, -0.0005140036810189486, -0.0004785166820511222, -0.0004430297121871263, -0.0004075427132192999, -0.00037205571425147355, -0.00033656874438747764, -0.00030108174541965127, -0.0002655947464518249, -0.00023010774748399854, -0.0001946207630680874, -0.00015913377865217626, -0.0001236467796843499, -8.815978071652353e-05, -5.267279630061239e-05, -1.7185811884701252e-05, 1.8301187083125114e-05, 5.378817877499387e-05, 8.927517046686262e-05, 0.00012476215488277376, 0.00016024915385060012, 0.0001957361528184265, 0.00023122313723433763, 0.00026671012165024877, 0.00030219712061807513, 0.0003376841195859015, 0.00037317111855372787, 0.0004086580884177238, 0.00044414508738555014, 0.0004796320863533765, 0.0005151190562173724, 0.0005506060551851988, 0.0005860930541530252, 0.0006215800531208515, 0.0006570670520886779, 0.0006925540510565042, 0.0007280410500243306, 0.000763528048992157, 0.0007990149897523224, 0.0008345019887201488, 0.0008699889876879752, 0.0009054759866558015, 0.0009409629856236279, 0.0009764499845914543, 0.0010119369253516197, 0.001047423924319446, 0.0010829109232872725, 0.0011183979222550988, 0.0011538849212229252]}, "gradients/layers.0.weight": {"_type": "histogram", "values": [1.0, 0.0, 1.0, 1.0, 2.0, 2.0, 3.0, 13.0, 14.0, 27.0, 38.0, 64.0, 47.0, 82.0, 83.0, 125.0, 144.0, 203.0, 284.0, 351.0, 429.0, 514.0, 731.0, 1038.0, 1342.0, 1892.0, 2865.0, 4078.0, 6602.0, 11345.0, 94953.0, 9315.0, 5774.0, 3819.0, 2675.0, 1903.0, 1435.0, 1140.0, 867.0, 572.0, 493.0, 404.0, 327.0, 228.0, 159.0, 96.0, 83.0, 37.0, 51.0, 25.0, 24.0, 22.0, 13.0, 15.0, 10.0, 14.0, 5.0, 3.0, 6.0, 2.0, 3.0, 1.0, 3.0, 2.0],